CGSS2023编码表,,,,,,,
序号,调查方式,问卷题号,问卷题目,变量名,变量标签,取值标签,值标签
1,入户调查/电话调查,无,无,id,问卷编号,,
2,入户调查/电话调查,无/A38a,您目前居住在哪个省或自治区或直辖市？,s41,采访地点-省/自治区/直辖市编码,s41lab,"编码与CGSS2010-2015编码一致。
新加的行政区划，在原有取值标签基础上继续添加新的取值和值标签。
点击查看取值标签s41lab。"
3,入户调查,无,无,s42,采访地点-地级市编码,s42lab,
4,入户调查,无,无,s43,采访地点-县/区编码,s43lab,
5,入户调查,无,无,s44,采访地点-乡/镇/街道编码,s44lab,
6,入户调查,无,无,s45,采访地点-居委会/村委会编码,s45lab,
7,入户调查,无,无,isurban,居委会/村委会,isurbanlab,"-5 电话调查未调查
1 居委会
2 村委会"
8,入户调查/电话调查,A00/无,请记录当前时间,a00,访问开始时间,,
9,入户调查/电话调查,A1,请问除您以外，您家里还有几个人？（注意！不要包括已经和您分家的成员）,a1,除您以外，家里还有几人（不包括已和您分家的成员）,a1lab,-3 拒绝回答
10,电话调查,无/A1a,您家目前住在一起的通常有几个人？ 您家目前住在一起的通常有几个人？ 注意，这里 注意，这里 包括您本人在内，同住的亲戚或保姆 包括您本人在内，同住的亲戚或保姆也算在内,a1a,您家目前住在一起的有几人（包括本人，同住的亲戚或保姆）,a1alab,"-4 入户面访未调查
-3 拒绝回答"
11,入户调查,A0101,家庭成员称呼（与被访者的关系）,a01102,第2个家庭成员的称呼,,
12,入户调查,A0101,家庭成员称呼（与被访者的关系）,a01103,第3个家庭成员的称呼,,
13,入户调查,A0101,家庭成员称呼（与被访者的关系）,a01104,第4个家庭成员的称呼,,
14,入户调查,A0101,家庭成员称呼（与被访者的关系）,a01105,第5个家庭成员的称呼,,
15,入户调查,A0101,家庭成员称呼（与被访者的关系）,a01106,第6个家庭成员的称呼,,
16,入户调查,A0101,家庭成员称呼（与被访者的关系）,a01107,第7个家庭成员的称呼,,
17,入户调查,A0101,家庭成员称呼（与被访者的关系）,a01108,第8个家庭成员的称呼,,
18,入户调查,A0101,家庭成员称呼（与被访者的关系）,a01109,第9个家庭成员的称呼,,
19,入户调查,A0101,家庭成员称呼（与被访者的关系）,a01110,第10个家庭成员的称呼,,
20,入户调查,A0101,家庭成员称呼（与被访者的关系）,a01111,第11个家庭成员的称呼,,
21,入户调查,A0101,家庭成员称呼（与被访者的关系）,a01112,第12个家庭成员的称呼,,
22,入户调查,A0101,家庭成员称呼（与被访者的关系）,a01113,第13个家庭成员的称呼,,
23,入户调查,A0101,家庭成员称呼（与被访者的关系）,a01114,第14个家庭成员的称呼,,
24,入户调查,A0101,家庭成员称呼（与被访者的关系）,a01115,第15个家庭成员的称呼,,
25,入户调查,A01012,请问这些家庭成员和您的关系是？,a01202,第2个家庭成员与被访者之间的关系,a012lab,"-5 电话调查未调查
-1 不适用
1 配偶
2 子女
3 父母
4 配偶的父母
5 兄弟姐妹
6 女婿/儿媳
7 祖父母/外祖父母
8 曾祖父母/曾外祖父母
9 孙子（女）/外孙子（女）
10 曾孙子（女）/曾外孙子（女）
11 其他"
26,入户调查,A01012,请问这些家庭成员和您的关系是？,a01203,第3个家庭成员与被访者之间的关系,,
27,入户调查,A01012,请问这些家庭成员和您的关系是？,a01204,第4个家庭成员与被访者之间的关系,,
28,入户调查,A01012,请问这些家庭成员和您的关系是？,a01205,第5个家庭成员与被访者之间的关系,,
29,入户调查,A01012,请问这些家庭成员和您的关系是？,a01206,第6个家庭成员与被访者之间的关系,,
30,入户调查,A01012,请问这些家庭成员和您的关系是？,a01207,第7个家庭成员与被访者之间的关系,,
31,入户调查,A01012,请问这些家庭成员和您的关系是？,a01208,第8个家庭成员与被访者之间的关系,,
32,入户调查,A01012,请问这些家庭成员和您的关系是？,a01209,第9个家庭成员与被访者之间的关系,,
33,入户调查,A01012,请问这些家庭成员和您的关系是？,a01210,第10个家庭成员与被访者之间的关系,,
34,入户调查,A01012,请问这些家庭成员和您的关系是？,a01211,第11个家庭成员与被访者之间的关系,,
35,入户调查,A01012,请问这些家庭成员和您的关系是？,a01212,第12个家庭成员与被访者之间的关系,,
36,入户调查,A01012,请问这些家庭成员和您的关系是？,a01213,第13个家庭成员与被访者之间的关系,,
37,入户调查,A01012,请问这些家庭成员和您的关系是？,a01214,第14个家庭成员与被访者之间的关系,,
38,入户调查,A01012,请问这些家庭成员和您的关系是？,a01215,第15个家庭成员与被访者之间的关系,,
39,入户调查,A01012,请问这些家庭成员和您的关系是？其他，请注明,a01202a,第2个家庭成员与被访者之间的关系-其他，请注明,,
40,入户调查,A01012,请问这些家庭成员和您的关系是？其他，请注明,a01203a,第3个家庭成员与被访者之间的关系-其他，请注明,,
41,入户调查,A01012,请问这些家庭成员和您的关系是？其他，请注明,a01204a,第4个家庭成员与被访者之间的关系-其他，请注明,,
42,入户调查,A01012,请问这些家庭成员和您的关系是？其他，请注明,a01205a,第5个家庭成员与被访者之间的关系-其他，请注明,,
43,入户调查,A01012,请问这些家庭成员和您的关系是？其他，请注明,a01206a,第6个家庭成员与被访者之间的关系-其他，请注明,,
44,入户调查,A01012,请问这些家庭成员和您的关系是？其他，请注明,a01207a,第7个家庭成员与被访者之间的关系-其他，请注明,,
45,入户调查,A01012,请问这些家庭成员和您的关系是？其他，请注明,a01208a,第8个家庭成员与被访者之间的关系-其他，请注明,,
46,入户调查,A01012,请问这些家庭成员和您的关系是？其他，请注明,a01209a,第9个家庭成员与被访者之间的关系-其他，请注明,,
47,入户调查,A01012,请问这些家庭成员和您的关系是？其他，请注明,a01210a,第10个家庭成员与被访者之间的关系-其他，请注明,,
48,入户调查,A01012,请问这些家庭成员和您的关系是？其他，请注明,a01211a,第11个家庭成员与被访者之间的关系-其他，请注明,,
49,入户调查,A01012,请问这些家庭成员和您的关系是？其他，请注明,a01212a,第12个家庭成员与被访者之间的关系-其他，请注明,,
50,入户调查,A01012,请问这些家庭成员和您的关系是？其他，请注明,a01213a,第13个家庭成员与被访者之间的关系-其他，请注明,,
51,入户调查,A01012,请问这些家庭成员和您的关系是？其他，请注明,a01214a,第14个家庭成员与被访者之间的关系-其他，请注明,,
52,入户调查,A01012,请问这些家庭成员和您的关系是？其他，请注明,a01215a,第15个家庭成员与被访者之间的关系-其他，请注明,,
53,入户调查,A01013,目前是否与您住在一起？,a01302,第2个家庭成员目前是否与您住在一起,a013lab,"-5 电话调查未调查
-1 不适用
1 住在一起
2 不住在一起"
54,入户调查,A01013,目前是否与您住在一起？,a01303,第3个家庭成员目前是否与您住在一起,,
55,入户调查,A01013,目前是否与您住在一起？,a01304,第4个家庭成员目前是否与您住在一起,,
56,入户调查,A01013,目前是否与您住在一起？,a01305,第5个家庭成员目前是否与您住在一起,,
57,入户调查,A01013,目前是否与您住在一起？,a01306,第6个家庭成员目前是否与您住在一起,,
58,入户调查,A01013,目前是否与您住在一起？,a01307,第7个家庭成员目前是否与您住在一起,,
59,入户调查,A01013,目前是否与您住在一起？,a01308,第8个家庭成员目前是否与您住在一起,,
60,入户调查,A01013,目前是否与您住在一起？,a01309,第9个家庭成员目前是否与您住在一起,,
61,入户调查,A01013,目前是否与您住在一起？,a01310,第10个家庭成员目前是否与您住在一起,,
62,入户调查,A01013,目前是否与您住在一起？,a01311,第11个家庭成员目前是否与您住在一起,,
63,入户调查,A01013,目前是否与您住在一起？,a01312,第12个家庭成员目前是否与您住在一起,,
64,入户调查,A01013,目前是否与您住在一起？,a01313,第13个家庭成员目前是否与您住在一起,,
65,入户调查,A01013,目前是否与您住在一起？,a01314,第14个家庭成员目前是否与您住在一起,,
66,入户调查,A01013,目前是否与您住在一起？,a01315,第15个家庭成员目前是否与您住在一起,,
67,入户调查/电话调查,A2/gender,性别【访问员记录】,a2,性别,a2lab,"1 男
2 女"
68,入户调查/电话调查,A3,您的出生日期是什么？年,a3a,您的出生日期-年,a3lab,"-5 电话调查未调查
-3 拒绝回答
-2 不知道"
69,入户调查,A3,您的出生日期是什么？月,a3b,您的出生日期-月,,
70,入户调查,A3,您的出生日期是什么？日,a3c,您的出生日期-日,,
71,入户调查/电话调查,A4,您的民族是：,a4,您的民族,a4lab,"-3 拒绝回答
1 汉
2 蒙
3 满
4 回
5 藏
6 壮
7 维
8 其他"
72,入户调查/电话调查,A4/A4a,您的民族是：其他，请注明,a4a,您的民族-其他，请注明,,
73,入户调查/电话调查,A5,您的宗教信仰是什么？,a5,您的宗教信仰,a5lab,"-3 拒绝回答
1 不信仰宗教
11 佛教
12 道教
13 民间信仰（拜妈祖、关公等）
14 回教/伊斯兰教
15 天主教
16 基督教
17 东正教
18 其他基督教
19 犹太教
20 印度教
21 其他"
74,入户调查/电话调查,A5/A5a,您的宗教信仰是什么？其他，请注明,a5a,您的宗教信仰-其他，请注明,,
75,入户调查/电话调查（随机）,A6,您参加宗教活动的频繁程度是：,a6,您参加宗教活动的频繁程度是,a6lab,"1 从来没有参加过
2 一年不到1次
3 一年大概1到2次
4 一年几次
5 大概一月1次
6 一月2到3次
7 差不多每周都有
8 每周都有
9 一周几次"
76,入户调查/电话调查,A7a,您目前的最高教育程度是：,a7a,您目前的最高教育程度是（包括目前在读的）,a7alab,"-3 拒绝回答
1 没有受过任何教育
2 私塾、扫盲班
3 小学
4 初中
5 职业高中
6 普通高中
7 中专
8 技校
9 大学专科（成人高等教育）
10 大学专科（正规高等教育）
11 大学本科（成人高等教育）
12 大学本科（正规高等教育）
13 研究生及以上
14 其他"
77,入户调查/电话调查,A7a/A7a1,您目前的最高教育程度是：其他，请注明,a7aa,您目前的最高教育程度是-其他，请注明,,
78,入户调查/电话调查,A7b,您目前的最高教育程度是：,a7b,您目前的最高教育程度的状态是,a7blab,"-3 拒绝回答
-2 不知道
-1 不适用
1 正在读
2 辍学和中途退学
3 肄业
4 毕业"
79,入户调查,A7c,您已完成的最高学历是在哪一年获得的？,a7c,您已经完成的最高学历是哪一年获得,a7clab,"-5 电话调查未调查
-3 拒绝回答
-2 不知道
-1 不适用"
80,入户调查/电话调查,A8a,您个人去年（2022年）全年的总收入是多少？,a8a,您个人去年（2022）全年的总收入是多少,a8alab,"9999996 收入高于百万位数
9999997 不适用
9999998 不知道
9999999 拒绝回答"
81,入户调查,A8b,您个人去年（2022年）全年的职业/劳动收入是多少？,a8b,您个人去年（2022）全年的职业/劳动收入是多少,a8blab,"-5 电话调查未调查
9999996 收入高于百万位数
9999997 不适用
9999998 不知道
9999999 拒绝回答"
82,入户调查,A9,请问，您递交过加入中国共产党的申请书吗？,a9,请问，您递交过加入中国共产党的申请书吗,a9lab,"-5 电话调查未调查
-3 拒绝回答
-2 不知道
1 未递交过
2 递交过"
83,入户调查,A9,请问，您递交过加入中国共产党的申请书吗？第一次递交的时间,a9a,第一次递交申请书的时间是,a9alab,"-5 电话调查未调查
-2 不知道
-1 不适用"
84,入户调查/电话调查,A10,目前的政治面貌是：,a10,您目前的政治面貌是,a10lab,"-3 拒绝回答
-2 不知道
1 群众
2 共青团员
3 民主党派
4 共产党员"
85,入户调查/电话调查,A10/A10a,目前的政治面貌是：入党时间是,a10a,您目前政治面貌是共产党员，入党时间,a10alab,"-3 拒绝回答
-2 不知道
-1 不适用"
86,入户调查/电话调查（随机）,A11,您现在住的这座住房的套内建筑面积是：,a11,您现在住的这座住房的套内建筑面积是,a11lab,"-3 拒绝回答
-2 不知道"
87,入户调查/电话调查（随机）,A12,您现在这座房子的产权（部分或全部产权）属于谁（多选）?自己所有,a121,您现在这座房子的产权属于-自己所有,a12lab,"-3 拒绝回答
-2 不知道
1 是
2 否"
88,入户调查/电话调查（随机）,A12,您现在这座房子的产权（部分或全部产权）属于谁（多选）?配偶所有,a122,您现在这座房子的产权属于-配偶所有,,
89,入户调查/电话调查（随机）,A12,您现在这座房子的产权（部分或全部产权）属于谁（多选）?子女所有,a123,您现在这座房子的产权属于-子女所有,,
90,入户调查/电话调查（随机）,A12,您现在这座房子的产权（部分或全部产权）属于谁（多选）?父母所有,a124,您现在这座房子的产权属于-父母所有,,
91,入户调查/电话调查（随机）,A12,您现在这座房子的产权（部分或全部产权）属于谁（多选）?配偶父母所有,a125,您现在这座房子的产权属于-配偶父母所有,,
92,入户调查/电话调查（随机）,A12,您现在这座房子的产权（部分或全部产权）属于谁（多选）?子女配偶所有,a126,您现在这座房子的产权属于-子女配偶所有,,
93,入户调查/电话调查（随机）,A12,您现在这座房子的产权（部分或全部产权）属于谁（多选）?其他家人/亲戚所有,a127,您现在这座房子的产权属于-其他家人/亲戚所有,,
94,入户调查/电话调查（随机）,A12,您现在这座房子的产权（部分或全部产权）属于谁（多选）?家人/亲戚以外的个人或单位所有，这所房子是租（借）来的,a128,您现在这座房子的产权属于-家人/亲戚以外的个人或单位所有，这所房子是租（借）来的,,
95,入户调查/电话调查（随机）,A12,您现在这座房子的产权（部分或全部产权）属于谁（多选）?其他,a129,您现在这座房子的产权属于-其他,,
96,入户调查/电话调查（随机）,A12/A12a1,您现在这座房子的产权（部分或全部产权）属于谁（多选）?其他，请注明,a129a,您现在这座房子的产权属于-其他，请注明,,
97,入户调查/电话调查（随机）,A12,您现在这座房子的产权（部分或全部产权）属于谁（多选）?不知道,删除变量,,,
98,入户调查/电话调查（随机）,A12,您现在这座房子的产权（部分或全部产权）属于谁（多选）?拒绝回答,删除变量,,,
99,入户调查/电话调查（随机）,A12a,目前您是否拥有（包括与他人共同拥有）房产（拥有产权）？,a12a,目前您是否拥有（包括与他人共同拥有）房产（拥有产权）,a12alab,"-3 拒绝回答
-2 不知道
1 是
2 否"
100,入户调查/电话调查（随机）,A12b,目前您总共拥有几处房产（包括与他人共同拥有）：,a12b,目前您总共拥有几处房产（包括与他人共同拥有）,a12blab,"-3 拒绝回答
-2 不知道
-1 不适用"
101,入户调查,A12c1,您（目前拥有的）各处房产的位置在哪？[省/自治区/直辖市],a12c1a,您（目前拥有的）第1处房产的位置-省/自治区/直辖市,s41lab,
102,入户调查,A12c1,您（目前拥有的）各处房产的位置在哪？[市+县/区],删除变量,,,
103,入户调查,A12c2,您（目前拥有的）各处房产的位置在哪？[省/自治区/直辖市],a12c2a,您（目前拥有的）第2处房产的位置-省/自治区/直辖市,s41lab,
104,入户调查,A12c2,您（目前拥有的）各处房产的位置在哪？[市+县/区],删除变量,,,
105,入户调查,A12c3,您（目前拥有的）各处房产的位置在哪？[省/自治区/直辖市],a12c3a,您（目前拥有的）第3处房产的位置-省/自治区/直辖市,s41lab,
106,入户调查,A12c3,您（目前拥有的）各处房产的位置在哪？[市+县/区],删除变量,,,
107,入户调查,A12c4,您（目前拥有的）各处房产的位置在哪？[省/自治区/直辖市],a12c4a,您（目前拥有的）第4处房产的位置-省/自治区/直辖市,s41lab,
108,入户调查,A12c4,您（目前拥有的）各处房产的位置在哪？[市+县/区],删除变量,,,
109,入户调查,A12c5,您（目前拥有的）各处房产的位置在哪？[省/自治区/直辖市],a12c5a,您（目前拥有的）第5处房产的位置-省/自治区/直辖市,s41lab,
110,入户调查,A12c5,您（目前拥有的）各处房产的位置在哪？[市+县/区],删除变量,,,
111,入户调查/电话调查,A13,您目前的身高是：(厘米),a13,您目前的身高是（厘米）,a13lab,"-3 拒绝回答
-2 不知道"
112,入户调查/电话调查,A14,您目前的体重是：（斤）,a14,您目前的体重是（斤）,a14lab,"-3 拒绝回答
-2 不知道"
113,入户调查/电话调查,A15,您觉得您目前的身体健康状况是：,a15,您觉得您目前的身体健康状况是,a15lab,"-3 拒绝回答
-2 不知道
1 很不健康
2 比较不健康
3 一般
4 比较健康
5 很健康"
114,入户调查/电话调查,A16,在过去的四周中，由于健康问题影响到您的工作或其他日常活动的频繁程度是：,a16,在过去的四周中，由于健康问题影响到您的工作或其他日常活动的频繁程度是,a16lab,"-2 不知道
1 总是
2 经常
3 有时
4 很少
5 从不"
115,入户调查/电话调查,A17,在过去的四周中，您感到心情抑郁或沮丧的频繁程度是：,a17,在过去的四周中，您感到心情抑郁或沮丧的频繁程度,a17lab,"-3 拒绝回答
-2 不知道
1 总是
2 经常
3 有时
4 很少
5 从不"
116,入户调查/电话调查,A18,您目前的户口登记状况是：,a18,您目前的户口登记状况是,a18lab,"-3 拒绝回答
1 农业户口
2 非农业户口
3 居民户口（以前是农业户口）
4 居民户口（以前是非农业户口）
5 军籍
6 没有户口
7 其他"
117,入户调查/电话调查,A18/A18a,您目前的户口登记状况是：其他，请注明,a18a,您目前的户口登记状况是-其他，请注明,,
118,入户调查,A19,您（目前）的非农户口是哪一年获得的？,a19,您目前的非农户口是哪一年获得的,a19lab,"-5 电话调查未调查
-3 拒绝回答
-2 不知道
-1 不适用
9997 自最初/出生就是"
119,入户调查,A19a,您是哪一年转为居民户口的？,a19a,您是哪一年转为居民户口,a19alab,"-5 电话调查未调查
-3 拒绝回答
-2 不知道
-1 不适用
9997 自最初/出生就是"
120,入户调查,A20,您获得非农户口的途径是什么？,a20,您获得非农户口的途径,a20lab,"-5 电话调查未调查
-3 拒绝回答
-2 不知道
-1 不适用
1 升学
2 参军
3 工作（招工等）
4 转干
5 征地（包括村改居）
6 家属随转（包括通过婚姻）
7 购买，或者通过购房
8 户口改革，当地不再有农业户口
9 其他"
121,入户调查,A20,您获得非农户口的途径是什么？其他，请注明,a20a,您获得非农户口的途径-其他，请注明,,
122,入户调查,A21,您目前的户口登记地是：,a21,您目前的户口登记地,a21lab,"-5 电话调查未调查
1 本乡（镇、街道）
2 本县（市、区）其他乡（镇、街道）
3 本区/县/县级市以外
4 户口待定"
123,入户调查,A22,您目前的户口登记地是：[省/自治区/直辖市],a221,您目前的户口登记地-省/自治区/直辖市,s41lab,
124,入户调查,A22,您目前的户口登记地是：[市+县/区],删除变量,,,
125,入户调查,A25,您是哪一年来到本地（本区/县/县级市）居住的？,a25,您是哪一年来到本地（本区/县/县级市）居住的,a25lab,"-5 电话调查未调查
9996 在本地只是短期居住，如探亲或学生放暑假回家
9997 自出生起一直就住在本地"
126,入户调查/电话调查,A25a,您所居住的地区属于什么类型：,a25a,您所居住的地区属于什么类型,a25alab,"-3 拒绝回答
-2 不知道
1 城市中心地区
2 城市边缘地区或城乡结合部
3 镇
4 农村"
127,入户调查/电话调查（随机）,A281,过去一年，您对以下媒体的使用情况是：报纸,a281,过去一年，您对以下媒体的使用情况是-报纸,a28lab,"-3 拒绝回答
-2 不知道
1 从不
2 很少
3 有时
4 经常
5 非常频繁"
128,入户调查/电话调查（随机）,A282,过去一年，您对以下媒体的使用情况是：杂志,a282,过去一年，您对以下媒体的使用情况是-杂志,,
129,入户调查/电话调查（随机）,A283,过去一年，您对以下媒体的使用情况是：广播,a283,过去一年，您对以下媒体的使用情况是-广播,,
130,入户调查/电话调查（随机）,A284,过去一年，您对以下媒体的使用情况是：电视,a284,过去一年，您对以下媒体的使用情况是-电视,,
131,入户调查/电话调查（随机）,A285,过去一年，您对以下媒体的使用情况是：互联网（用手机、电脑、平板、智能穿戴设备等上网）,a285,过去一年，您对以下媒体的使用情况是-互联网（用手机、电脑、平板、智能穿戴设备等上网）,,
132,入户调查/电话调查（随机）,A29,在以上媒体中，哪个是您最主要的信息来源？,a29,以上媒体中哪个是您最主要的信息来源,a29lab,"-3 拒绝回答
-2 不知道
-1 不适用
1 报纸
2 杂志
3 广播
4 电视
5 互联网（用手机、电脑、平板、智能穿戴设备等上网）"
133,入户调查/电话调查（随机）,A301,过去一年，您是否经常在空闲时间从事以下活动？看电视或者看碟,a3001,过去一年，您是否常在空闲时间从事以下活动-看电视或看碟,a30lab,"-3 拒绝回答
-2 不知道
1 每天
2 一周数次
3 一月数次
4 一年数次或更少
5 从不"
134,入户调查/电话调查（随机）,A302,过去一年，您是否经常在空闲时间从事以下活动？出去看电影,a3002,过去一年，您是否常在空闲时间从事以下活动-出去看电影,,
135,入户调查/电话调查（随机）,A303,过去一年，您是否经常在空闲时间从事以下活动？逛街购物,a3003,过去一年，您是否常在空闲时间从事以下活动-逛街购物,,
136,入户调查/电话调查（随机）,A304,过去一年，您是否经常在空闲时间从事以下活动？读书/报纸/杂志,a3004,过去一年，您是否常在空闲时间从事以下活动-读书/报纸/杂志,,
137,入户调查/电话调查（随机）,A305,过去一年，您是否经常在空闲时间从事以下活动？参加文化活动（比如听音乐会，看演出和展览）,a3005,过去一年，您是否常在空闲时间从事以下活动-参加文化活动，比如听音乐会看演出或展览,,
138,入户调查/电话调查（随机）,A306,过去一年，您是否经常在空闲时间从事以下活动？与不住在一起的亲戚聚会,a3006,过去一年，您是否常在空闲时间从事以下活动-与不住在一起的亲戚聚会,,
139,入户调查/电话调查（随机）,A307,过去一年，您是否经常在空闲时间从事以下活动？与朋友聚会,a3007,过去一年，您是否常在空闲时间从事以下活动-与朋友聚会,,
140,入户调查/电话调查（随机）,A308,过去一年，您是否经常在空闲时间从事以下活动？在家听音乐,a3008,过去一年，您是否常在空闲时间从事以下活动-在家听音乐,,
141,入户调查/电话调查（随机）,A309,过去一年，您是否经常在空闲时间从事以下活动？参加体育锻炼,a3009,过去一年，您是否常在空闲时间从事以下活动-参加体育锻炼,,
142,入户调查/电话调查（随机）,A3010,过去一年，您是否经常在空闲时间从事以下活动？现场观看体育比赛,a3010,过去一年，您是否常在空闲时间从事以下活动-现场观看体育比赛,,
143,入户调查/电话调查（随机）,A3011,过去一年，您是否经常在空闲时间从事以下活动？做手工（比如刺绣、木工）,a3011,过去一年，您是否常在空闲时间从事以下活动-做手工，比如刺绣、木工,,
144,入户调查/电话调查（随机）,A3012,过去一年，您是否经常在空闲时间从事以下活动？上网,a3012,过去一年，您是否常在空闲时间从事以下活动-上网,,
145,入户调查/电话调查（随机）,A30a,您有没有归自己单独使用的手机？,a30a,您有没有归自己单独使用的手机,a30alab,"-2 不知道
1 有
2 没有"
146,入户调查/电话调查（随机）,A30d,您日常使用的手机号有几个？,a30d,您日常使用的手机号有几个,a30dlab,"-3 拒绝回答
-2 不知道"
147,入户调查,A311,在过去一年中，您是否经常在您的空闲时间做下面的事情？社交/串门,a311,在过去一年中，您是否经常在您的空闲时间做下面的事情--社交,a31lab,"-5 电话调查未调查
-3 拒绝回答
-2 不知道
1 从不
2 很少
3 有时
4 经常
5 非常频繁"
148,入户调查,A312,在过去一年中，您是否经常在您的空闲时间做下面的事情？休息放松,a312,在过去一年中，您是否经常在您的空闲时间做下面的事情--休息放松,,
149,入户调查,A313,在过去一年中，您是否经常在您的空闲时间做下面的事情？学习充电,a313,在过去一年中，您是否经常在您的空闲时间做下面的事情--学习充电,,
150,入户调查,A31a,请问您与邻居进行社交娱乐活动（如互相串门，一起看电视，吃饭，打牌等）的频繁程,a31a,您与邻居进行社交娱乐活动的频繁程度,a31alab,"-5 电话调查未调查
-2 不知道
1 几乎每天
2 一周1到2次
3 一个月几次
4 大约一个月1次
5 一年几次
6 一年1次或更少
7 从来不"
151,入户调查,A31b,请问您与其他朋友进行社交娱乐活动（如互相串门，一起看电视，吃饭，打牌等）的频,a31b,您与其他朋友进行社交娱乐活动的频繁程度,a31blab,"-5 电话调查未调查
-2 不知道
1 几乎每天
2 一周1到2次
3 一个月几次
4 大约一个月1次
5 一年几次
6 一年1次或更少
7 从来不"
152,入户调查/电话调查（随机）,A32,在过去一年中，您有多少个晚上是因为出去度假或者探亲访友而没有在家过夜？,a32,在过去一年中，您有多少个晚上是因为出去度假或者探访亲友而没有在家过夜,a32lab,"-3 拒绝回答
-2 不知道
1 从未
2 1-5个晚上
3 6-10个晚上
4 11-20个晚上
5 21-30个晚上
6 超过30个晚上"
153,入户调查/电话调查,A33,总的来说，您同不同意在这个社会上，绝大多数人都是可以信任的？,a33,总的来说，您同不同意在这个社会上，绝大多数人都是可以信任的,a33lab,"-3 拒绝回答
-2 不知道
1 非常不同意
2 比较不同意
3 说不上同意不同意
4 比较同意
5 非常同意"
154,入户调查/电话调查（随机）,A34,总的来说，您同不同意在这个社会上，您一不小心，别人就会想办法占您的便宜？,a34,总的来说，您同不同意在这个社会上，您一不小心，别人就会想办法占您的便宜,a34lab,"-3 拒绝回答
-2 不知道
1 非常不同意
2 比较不同意
3 说不上同意不同意
4 比较同意
5 非常同意"
155,入户调查/电话调查（随机）,A35,总的来说，您认为当今的社会公不公平？,a35,总的来说，您认为当今社会公不公平,a35lab,"-3 拒绝回答
-2 不知道
1 完全不公平
2 比较不公平
3 说不上公平但也不能说不公平
4 比较公平
5 完全公平"
156,入户调查/电话调查,A36,总的来说，您觉得您的生活是否幸福？,a36,总的来说，您觉得您的生活是否幸福,a36lab,"-3 拒绝回答
-2 不知道
1 非常不幸福
2 比较不幸福
3 说不上幸福不幸福
4 比较幸福
5 非常幸福"
157,入户调查/电话调查,A37,如果没有政策限制的话，您希望有几个孩子？,a371,如果没有政策限制的话，您希望有几个孩子,a37lab,"-3 拒绝回答
-2 不知道
97 无所谓"
158,入户调查/电话调查,A37,如果没有政策限制的话，您希望有几个孩子？儿子,a372,如果没有政策限制的话，您希望有几个儿子,,
159,入户调查/电话调查,A37,如果没有政策限制的话，您希望有几个孩子？女儿,a373,如果没有政策限制的话，您希望有几个女儿,,
160,入户调查/电话调查,A38,您认为婚前性行为对不对？,a38,您认为婚前性行为对不对,a38lab,"-3 拒绝回答
-2 不知道
1 总是不对的
2 大多数情况下是不对的
3 说不上对与不对
4 有时是对的
5 完全是对的"
161,入户调查/电话调查,A39,您认为婚外性行为对不对？,a39,您认为婚外性行为对不对,a39lab,"-3 拒绝回答
-2 不知道
1 总是不对的
2 大多数情况下是不对的
3 说不上对与不对
4 有时是对的
5 完全是对的"
162,入户调查/电话调查,A40,您认为同性间的性行为对不对？,a40,您认为同性间的性行为对不对,a40lab,"-3 拒绝回答
-2 不知道
1 总是不对的
2 大多数情况下是不对的
3 说不上对与不对
4 有时是对的
5 完全是对的"
163,入户调查/电话调查（随机）,A41,您认为有子女的老人的养老主要应该由谁负责？,a41,您认为有子女的老人的养老主要应该由谁负责,a41lab,"-3 拒绝回答
-2 不知道
1 主要由政府负责
2 主要由子女负责
3 主要由老人自己负责
4 政府/子女/老人责任均摊"
164,电话调查,无/A41new,您目前居住地与户口登记地的关系是？,a41new,您目前居住地与户口登记地的关系,a41newlab,"-4 入户面访未调查
-3 拒绝回答
1 在同一个县级单位内
2 同一个地、市但不同县级单位
3 同省但不同地、市
4 不同省"
165,电话调查,无/A42new,您目前的职业是什么？,a42new,您目前的职业,a42newlab,"-4 入户面访未调查
-3 拒绝回答
-2 不知道
1 农林牧渔业劳动者
2 非技术工人（体力工人）
3 技术工人（体力工人）
4 商业、服务业人员
5 一般办公室人员
6 中层管理人员
7 高级管理人员、单位负责人
8 一般专业技术人员
9 中级专业技术人员
10 高级专业技术人员
11 私营企业主
12 个体户
13 军人或警察
14 学生
15 退休
16 无业/失业
17 其他"
166,电话调查,无/A42anew,其他，请注明：,a42anew,您目前的职业-其他，请注明,,
167,入户调查/电话调查（随机）,A421,您是否同意以下说法：男人以事业为重，女人以家庭为重,a421,您是否同意-男人以事业为重，女人以家庭为重,a42lab,"-3 拒绝回答
-2 不知道
1 完全不同意
2 比较不同意
3 无所谓同意不同意
4 比较同意
5 完全同意"
168,入户调查/电话调查（随机）,A422,您是否同意以下说法：男性能力天生比女性强,a422,您是否同意-男性能力天生比女性强,,
169,入户调查/电话调查（随机）,A423,您是否同意以下说法：干得好不如嫁得好,a423,您是否同意-干得好不如嫁得好,,
170,入户调查/电话调查（随机）,A424,您是否同意以下说法：在经济不景气时，应该先解雇女性员工,a424,您是否同意-在经济不景气时，应该先解雇女性员工,,
171,入户调查/电话调查（随机）,A425,您是否同意以下说法：夫妻应该均等分摊家务,a425,您是否同意-夫妻应该均等分摊家务,,
172,入户调查/电话调查,A43a,在我们的社会里，有些人处在社会的上层，有些人处在社会的下层。综合看来，在目前这个社会上，您本人处于社会的哪一层？,a43a,您认为自己目前处于哪个等级上,a43lab,"-3 拒绝回答
-2 不知道
1 1分
2 2分
3 3分
4 4分
5 5分
6 6分
7 7分
8 8分
9 9分
10 10分"
173,入户调查/电话调查,A43b,在我们的社会里，有些人处在社会的上层，有些人处在社会的下层。您认为您10年前在哪个等级上？,a43b,您认为您10年前处于哪个等级上,,
174,入户调查/电话调查,A43c,在我们的社会里，有些人处在社会的上层，有些人处在社会的下层。您认为您10年后将会在哪个等级上？,a43c,您认为您10年后将会在哪个等级上,,
175,入户调查/电话调查,A43d,在我们的社会里，有些人处在社会的上层，有些人处在社会的下层。您认为在您14岁时，您的家庭处在哪个等级上？,a43d,您认为在您14岁时，您的家庭处在哪个等级上,,
176,入户调查/电话调查,A43e,综合看来，在目前这个社会上，您本人的社会经济地位属于：,a43e,您本人目前社会经济地位,a43elab,"-3 拒绝回答
-2 不知道
1 上层
2 中上层
3 中层
4 中下层
5 下层"
177,入户调查/电话调查（随机）,A44,上次居委会选举/村委会选举，您是否参加了投票？,a44,上次居委会选举/村委会选举，您是否参加了投票,a44lab,"-2 不知道
1 是
2 否
3 没有投票资格"
178,入户调查,A45,请问您是不是工会会员？,a45,请问您是不是工会会员,a45lab,"-5 电话调查未调查
-3 拒绝回答
-2 不知道
1 是
2 以前是，现在不是
3 从来都不是"
179,入户调查/电话调查,A46,如果有人在公共场所发布批评政府的言论，政府不应该干涉。您同意吗？,a46,您是否同意以下说法-如果有人在公共场所发布批评政府的言论，政府不应该干涉。,a46lab,"-3 拒绝回答
-2 不知道
1 完全不同意
2 比较不同意
3 无所谓同意不同意
4 比较同意
5 完全同意"
180,入户调查/电话调查,A47,生多少孩子是个人的事，政府不应该干涉。您同意吗？,a47,您是否同意以下说法-生多少孩子是个人的事，政府不应该干涉。,a47lab,"-3 拒绝回答
-2 不知道
1 完全不同意
2 比较不同意
3 无所谓同意不同意
4 比较同意
5 完全同意"
181,入户调查/电话调查,A48,在哪里工作和生活是个人的自由，政府不应该干涉。您同意吗？,a48,您是否同意以下说法-在哪里工作和生活是个人的自由，政府不应该干涉。,a48lab,"-3 拒绝回答
-2 不知道
1 完全不同意
2 比较不同意
3 无所谓同意不同意
4 比较同意
5 完全同意"
182,入户调查,A49,您觉得自己听普通话的能力是什么水平？,a49,您觉得自己听普通话的能力是什么水平,a49lab,"-5 电话调查未调查
-3 拒绝回答
-2 不知道
1 完全听不懂
2 比较差
3 一般
4 比较好
5 很好"
183,入户调查,A50,您觉得自己说普通话的能力是什么水平？,a50,您觉得自己说普通话的能力是什么水平,a50lab,"-5 电话调查未调查
1 完全不能说
2 比较差
3 一般
4 比较好
5 很好"
184,入户调查,A51,您觉得自己听英语的能力是什么水平？,a51,您觉得自己听英语的能力是什么水平,a51lab,"-5 电话调查未调查
-2 不知道
1 完全听不懂
2 比较差
3 一般
4 比较好
5 很好"
185,入户调查,A52,您觉得自己说英语的能力是什么水平？,a52,您觉得自己说英语的能力是什么水平,a52lab,"-5 电话调查未调查
-2 不知道
1 完全不能说
2 比较差
3 一般
4 比较好
5 很好"
186,入户调查,A53,您上一周是否为了取得收入而从事了一小时以上的劳动（包括参军）？,a53,您上一周是否为了取得收入而从事了一小时以上的劳动（包括参军）,a53lab,"-5 电话调查未调查
1 未从事任何以获得经济收入为目的的工作
2 带薪休假，学习、临时停工或季节性歇业等
3 停薪休假，学习、临时停工或季节性歇业等
4 从事了以取得经济收入为目的的工作"
187,入户调查,A53aa,一般每周的工作时间是多少小时？,a531,如果您上一周为了取得收入而从事了一小时以上的劳动，一般每周的工作多少小时,a531lab,"-5 电话调查未调查
-3 拒绝回答
-2 不知道
-1 不适用"
188,入户调查,A53a,在您有工作的时候，通常情况下，您一周的工作时间大概有多少个小时，包括加班时间,a53a,您有工作的时候，一般每周的工作多少小时，包括加班时间,a53alab,"-5 电话调查未调查
-3 拒绝回答
-1 不适用"
189,入户调查,A54,您上一周没有工作的原因是什么？,a54,您上一周没有工作的原因,a54lab,"-5 电话调查未调查
-3 拒绝回答
-2 不知道
-1 不适用
1 在校学习
2 丧失劳动能力
3 毕业后未工作
4 因单位原因失去原工作
5 因个人原因失去原工作
6 承包土地被征用
7 离/退休
8 料理家务
9 其他"
190,入户调查,A54a,您上一周没有工作的原因是什么？其他，请注明,a54a,您上一周没有工作的原因-其他，请注明,,
191,入户调查,A55,到目前为止，您连续没有工作的时间有多少个月？,a55,到目前为止，您连续没有工作的时间有多少个月,a55lab,"-5 电话调查未调查
-3 拒绝回答
-2 不知道
-1 不适用
997 从未工作过"
192,入户调查,A56,您在最近三个月内采取过以下哪些方式寻找工作？（多选）未找过工作,a561,您在最近三个月内采取过以下哪些方式寻找工作-未找过工作,a56lab,"-5 电话调查未调查
-3 拒绝回答
-2 不知道
-1 不适用
1 是
2 否"
193,入户调查,A56,您在最近三个月内采取过以下哪些方式寻找工作？（多选）在职业介绍机构登记求职,a562,您在最近三个月内采取过以下哪些方式寻找工作-在职业介绍机构登记求职,,
194,入户调查,A56,您在最近三个月内采取过以下哪些方式寻找工作？（多选）委托亲友找工作,a563,您在最近三个月内采取过以下哪些方式寻找工作-委托亲友找工作,,
195,入户调查,A56,您在最近三个月内采取过以下哪些方式寻找工作？（多选）利用网络及其他媒体求职,a564,您在最近三个月内采取过以下哪些方式寻找工作-利用网络及其他媒体求职,,
196,入户调查,A56,您在最近三个月内采取过以下哪些方式寻找工作？（多选）参加招聘会、或者自己直接上门询问,a565,您在最近三个月内采取过以下哪些方式寻找工作-参加招聘会或者自己直接上门询问,,
197,入户调查,A56,您在最近三个月内采取过以下哪些方式寻找工作？（多选）为自己经营做准备,a566,您在最近三个月内采取过以下哪些方式寻找工作-为自己经营做准备,,
198,入户调查,A56,您在最近三个月内采取过以下哪些方式寻找工作？（多选）其他,a567,您在最近三个月内采取过以下哪些方式寻找工作-其他,,
199,入户调查,A56,您在最近三个月内采取过以下哪些方式寻找工作？（多选）其他，请注明,a567a,您在最近三个月内采取过以下哪些方式寻找工作-其他，请注明,,
200,入户调查,A56,您在最近三个月内采取过以下哪些方式寻找工作？（多选）不知道,删除变量,,,
201,入户调查,A56,您在最近三个月内采取过以下哪些方式寻找工作？（多选）拒绝回答,删除变量,,,
202,入户调查,A57a,如有适合的工作，您能否在两周内开始工作？,a57a,如有适合的工作，您能否在两周内开始工作,a57alab,"-5 电话调查未调查
-3 拒绝回答
-2 不知道
-1 不适用
1 能
2 不能"
203,入户调查,A58,您的工作经历及状况是？,a58,您的工作经历及状况,a58lab,"-5 电话调查未调查
1 目前从事非农工作
2 目前务农，曾经有过非农工作
3 目前务农，没有过非农工作
4 目前没有工作，而且只务过农
5 目前没有工作，曾经有过非农工作
6 从未工作过"
204,入户调查,A58a,您目前是否同时兼有多份工作？,a58a,您目前是否兼有多份工作,a58alab,"-5 电话调查未调查
-2 不知道
-1 不适用
1 没有
2 有"
205,入户调查,A58aa,一共兼有多少份工作？,a58aa,您目前是否兼有多份工作-有，一共兼有多少份工作,a58aalab,"-5 电话调查未调查
-2 不知道
-1 不适用"
206,入户调查,A58b,那您目前最主要的工作大约占您职业收入的百分之多少？,a58b,您目前最主要的工作大约占您职业收入的百分之多少,a58blab,"-5 电话调查未调查
-3 拒绝回答
-2 不知道
-1 不适用
0 最主要的工作是务农"
207,入户调查,A59a,下列各种情形，哪一种更符合您目前的工作的状况？,a59a,下列各种情形，哪一种更符合您目前工作的状况,a59alab,"-5 电话调查未调查
-3 拒绝回答
-1 不适用
1 自己是老板（或者是合伙人）
2 个体工商户
3 受雇于他人（有固定雇主）
4 劳务工/劳务派遣人员
5 零工、散工（无固定雇主的受雇者）
6 在自己家的生意/企业中工作/帮忙，领工资
7 在自己家的生意/企业中工作/帮忙，不领工资
8 自由职业者
9 其他"
208,入户调查,A59aa,下列各种情形，哪一种更符合您目前的工作的状况？其他，请注明,a59aa,下列各种情形，哪一种更符合您目前工作的状况-其他，请注明,,
209,入户调查,A59a1,请问您雇有的雇员数是：,a59a1,下列各种情形，哪一种更符合您目前工作的状况：雇有雇员多少人,a59a1lab,"-5 电话调查未调查
-3 拒绝回答
-2 不知道
-1 不适用
99996 雇有人数超过五位数"
210,入户调查,A59b,您目前的工作是否与用人单位或雇主签订了书面劳动合同？,a59b,您目前的工作是否与用人单位或雇主签订了书面劳动合同,a59blab,"-5 电话调查未调查
-3 拒绝回答
-2 不知道
-1 不适用
1 没有签订劳动合同
2 签有无固定期限劳动合同
3 签有固定期限劳动合同"
211,入户调查,A59ba,期限为多少个月？,a59ba,签有固定期限劳动合同，期限是多少个月,a59balab,"-5 电话调查未调查
-3 拒绝回答
-2 不知道
-1 不适用"
212,入户调查,A59c,从您第一份非农工作到您目前的工作，您一共工作了多少年？,a59c,从您第一份非农工作到目前的工作，您一共工作了多少年,a59clab,"-5 电话调查未调查
-2 不知道
-1 不适用"
213,入户调查,A59e,您目前工作的性质是？,a59e,您目前工作的性质是,a59elab,"-5 电话调查未调查
-3 拒绝回答
-2 不知道
-1 不适用
1 全职工作
2 非全职工作"
214,入户调查,A59e1,您如果担任了行政职务，您的行政级别是：,a59e1,您的行政级别是,a59e1lab,"-5 电话调查未调查
-3 拒绝回答
-2 不知道
-1 不适用
0 没有担任任何行政职务
1 无级别
2 股级
3 副科级
4 正科级
5 副处级
6 正处级
7 副司局级及以上"
215,入户调查,A59f,在您目前的工作中，您的管理活动情况是：,a59f,在您目前的工作中，您的管理活动情况是,a59flab,"-5 电话调查未调查
-3 拒绝回答
-2 不知道
-1 不适用
1 只管别人，不受别人管理
2 既管理别人，又受别人管理
3 只受别人管理，不管理别人
4 既不管理别人，又不受别人管理"
216,入户调查,A59f1,请问您管理的人数是：,a59f1,在您目前的工作中，您的管理活动情况是-管理多少人,a59f1lab,"-5 电话调查未调查
-3 拒绝回答
-2 不知道
-1 不适用
99996 管理人数超过五位数"
217,入户调查,A59j,您目前工作的单位或公司的单位类型是：,a59j,您目前工作的单位或公司的单位类型是,a59jlab,"-5 电话调查未调查
-3 拒绝回答
-2 不知道
-1 不适用
1 党政机关
2 企业
3 事业单位
4 社会团体、居/村委会
5 无单位/自雇（包括个体户）
6 军队
7 其他"
218,入户调查,A59ja,您目前工作的单位或公司的单位类型是：其他，请注明,a59ja,您目前工作的单位或公司单位类型-其他，请注明,,
219,入户调查,A59k,您目前工作的单位或公司的所有制性质是：,a59k,您目前工作的单位或公司的所有制性质是,a59klab,"-5 电话调查未调查
-3 拒绝回答
-2 不知道
-1 不适用
1 国有或国有控股
2 集体所有或集体控股
3 私有/民营或私有/民营控股
4 港澳台资或港澳台资控股
5 外资所有或外资控股
6 其他"
220,入户调查,A59ka,您目前工作的单位或公司的所有制性质是：其他，请注明,a59ka,您目前工作的单位或公司所有制性质是-其他，请注明,,
221,入户调查,A59L,您目前工作的单位或公司有多少员工？,a59l,您目前工作的单位或公司有多少员工,a59llab,"-5 电话调查未调查
-3 拒绝回答
-2 不知道
-1 不适用
99996 员工人数超过五位数"
222,入户调查,A59m,到目前为止，您在目前的工作单位或公司工作了多少年？,a59m,您在目前的工作单位或公司工作了多少年,a59mlab,"-5 电话调查未调查
-3 拒绝回答
-2 不知道
-1 不适用"
223,入户调查,A60a,下列各种情形，哪一种更符合您最近那份非农工作的状况？,a60a,下列各种情形，哪一种更符合你最近那份非农工作的状况,a60alab,"-5 电话调查未调查
-3 拒绝回答
-2 不知道
-1 不适用
1 自己是老板（或者是合伙人）
2 个体工商户
3 受雇于他人（有固定雇主）
4 劳务工/劳务派遣人员
5 零工、散工（无固定雇主的受雇者）
6 在自己家的生意/企业中工作/帮忙，领工资
7 在自己家的生意/企业中工作/帮忙，不领工资
8 自由职业者
9 其他"
224,入户调查,A60aa,下列各种情形，哪一种更符合您最近那份非农工作的状况？其他，请注明,a60aa,下列各种情形，哪一种更符合你最近那份非农工作的状况-其他，请注明,,
225,入户调查,A60a1,请问您雇有的雇员数是?,a60a1,下列各种情形，哪一种更符合你最近那份非农工作的状况-雇有雇员多少人,a60a1lab,"-5 电话调查未调查
-3 拒绝回答
-2 不知道
-1 不适用
99996 雇有人数超过五位数"
226,入户调查,A60b,您最近那份非农工作是否与用人单位或雇主签订了书面劳动合同？,a60b,您最近那份非农工作是否与用人单位或雇主签订了书面劳动合同,a60blab,"-5 电话调查未调查
-1 不适用
1 没有签订劳动合同
2 签有无固定期限劳动合同
3 签有固定期限劳动合同"
227,入户调查,A60ba,您最近那份非农工作是否与用人单位或雇主签订了书面劳动合同？签有固定期限劳动合同，期限为多少个月,a60ba,签有固定期限劳动合同，期限为多少个月,a60balab,"-5 电话调查未调查
-3 拒绝回答
-2 不知道
-1 不适用"
228,入户调查,A60c,从您第一份非农工作到您最近那份非农工作，您一共工作了多少年？,a60c,从您第一份非农工作到您最近那份非农工作，您一共工作了多少年,a60clab,"-5 电话调查未调查
-3 拒绝回答
-2 不知道
-1 不适用"
229,入户调查,A60e,您最近那份非农工作的性质是？,a60e,您最近那份非农工作的性质是,a60elab,"-5 电话调查未调查
-3 拒绝回答
-2 不知道
-1 不适用
1 全职工作
2 非全职工作"
230,入户调查,A60f,在您最近那份非农工作中，您的管理活动情况是：,a60f,在您最近那份非农工作中，您的管理活动情况是,a60flab,"-5 电话调查未调查
-3 拒绝回答
-2 不知道
-1 不适用
1 只管别人，不受别人管理
2 既管理别人，又受别人管理
3 只受别人管理，不管理别人
4 既不管理别人，又不受别人管理"
231,入户调查,A60f1,请问您管理的人数是：,a60f1,在您最近那份非农工作中，您的管理活动情况是管多少人,a60f1lab,"-5 电话调查未调查
-3 拒绝回答
-2 不知道
-1 不适用
99996 管理人数超过五位数"
232,入户调查,A60j,您最近那份非农工作的单位或公司的单位类型是：,a60j,您最近那份非农工作的单位或公司的单位类型是,a60jlab,"-5 电话调查未调查
-3 拒绝回答
-2 不知道
-1 不适用
1 党政机关
2 企业
3 事业单位
4 社会团体、居/村委会
5 无单位/自雇（包括个体户）
6 军队
7 其他"
233,入户调查,A60ja,您最近那份非农工作的单位或公司的单位类型是：其他，请注明,a60ja,最近那份非农工作的单位或公司的单位类型是-其他，请注明,,
234,入户调查,A60k,您最近那份非农工作的单位或公司的所有制性质是：,a60k,您最近那份非农工作的单位或公司所有制性质是,a60klab,"-5 电话调查未调查
-3 拒绝回答
-2 不知道
-1 不适用
1 国有或国有控股
2 集体所有或集体控股
3 私有/民营或私有/民营控股
4 港澳台资或港澳台资控股
5 外资所有或外资控股
6 其他"
235,入户调查,A60ka,您最近那份非农工作的单位或公司的所有制性质是：其他，请注明,a60ka,您最近那份非农工作的单位或公司所有制性质是-其他，请注明,,
236,入户调查,A60L,您最近那份非农工作的单位或公司有多少员工？,a60l,您最近那份非农工作的单位或公司有多少员工,a60llab,"-5 电话调查未调查
-3 拒绝回答
-2 不知道
-1 不适用
99996 员工人数超过五位数"
237,入户调查,A60m,您在最近那份非农工作的工作单位或公司工作了多少年？,a60m,您在最近那份非农工作的工作单位或公司工作了多少年,a60mlab,"-5 电话调查未调查
-3 拒绝回答
-2 不知道
-1 不适用"
238,入户调查/电话调查,A611,您目前是否参加了以下社会保障项目？城市基本医疗保险/新型农村合作医疗保险/公费医疗,a611,您目前是否参加了以下社会保障项目-城市基本医疗保险/新型农村合作医疗保险/公费医疗,a61lab,"-3 拒绝回答
-2 不知道
-1 不适用
1 参加了
2 没有参加"
239,入户调查/电话调查,A612,您目前是否参加了以下社会保障项目？城市/农村基本养老保险,a612,您目前是否参加了以下社会保障项目-城市/农村基本养老保险,,
240,入户调查/电话调查,A613,您目前是否参加了以下社会保障项目？商业性医疗保险,a613,您目前是否参加了以下社会保障项目-商业性医疗保险,,
241,入户调查/电话调查,A614,您目前是否参加了以下社会保障项目？商业性养老保险,a614,您目前是否参加了以下社会保障项目-商业性养老保险,,
242,入户调查/电话调查,A62,您家2022年全年家庭总收入是多少,a62,您家去年（2022）全年家庭总收入,a62lab,"9999996 收入高于百万位数
9999997 不适用
9999998 不知道
9999999 拒绝回答"
243,入户调查/电话调查,A64,您家的家庭经济状况在所在地属于哪一档？,a64,您家的家庭经济状况在所在地属于哪一档？,a64lab,"-3 拒绝回答
-2 不知道
1 远低于平均水平
2 低于平均水平
3 平均水平
4 高于平均水平
5 远高于平均水平"
244,入户调查/电话调查,A65,您家现拥有几处房产？,a65,您家现拥有几处房产？,a65lab,"-3 拒绝回答
-2 不知道"
245,入户调查/电话调查,A66,您家是否拥有家用小汽车？,a66,您家是否拥有家用小汽车,a66lab,"-3 拒绝回答
-2 不知道
1 有
2 没有"
246,入户调查/电话调查,A67,您家目前是否从事下列投资活动？（多选）没有任何投资活动,a671,您家目前是否从事下列投资活动？-没有任何投资活动,a67lab,"-3 拒绝回答
-2 不知道
1 是
2 否"
247,入户调查/电话调查,A67,您家目前是否从事下列投资活动？（多选）股票,a672,您家目前是否从事下列投资活动？-股票,,
248,入户调查/电话调查,A67,您家目前是否从事下列投资活动？（多选）基金,a673,您家目前是否从事下列投资活动？-基金,,
249,入户调查/电话调查,A67,您家目前是否从事下列投资活动？（多选）债券,a674,您家目前是否从事下列投资活动？-债券,,
250,入户调查/电话调查,A67,您家目前是否从事下列投资活动？（多选）期货,a675,您家目前是否从事下列投资活动？-期货,,
251,入户调查/电话调查,A67,您家目前是否从事下列投资活动？（多选）权证,a676,您家目前是否从事下列投资活动？-权证,,
252,入户调查/电话调查,A67,您家目前是否从事下列投资活动？（多选）炒房,a677,您家目前是否从事下列投资活动？-炒房,,
253,入户调查/电话调查,A67,您家目前是否从事下列投资活动？（多选）外汇投资,a678,您家目前是否从事下列投资活动？-外汇投资,,
254,入户调查/电话调查,A67,您家目前是否从事下列投资活动？（多选）其他,a679,您家目前是否从事下列投资活动？-其他,,
255,入户调查/电话调查,A67a,您家目前是否从事下列投资活动？（多选）其他，请注明,a679a,您家目前是否从事下列投资活动？-其他，请注明,,
256,入户调查/电话调查,A67,您家目前是否从事下列投资活动？（多选）不知道,删除变量,,,
257,入户调查/电话调查,A67,您家目前是否从事下列投资活动？（多选）拒绝回答,删除变量,,,
258,入户调查/电话调查（随机）,A68,请问您有几个子女（包括继子继女、养子养女在内，包括已去世子女）？儿子,a681,您有几个儿子（包括继子继女、养子养女在内，包括已去世子女）,a68lab,"-5 电话调查未调查
-3 拒绝回答
-2 不知道
-1 不适用
0 没有"
259,入户调查/电话调查（随机）,A68,请问您有几个子女（包括继子继女、养子养女在内，包括已去世子女）？女儿,a682,您有几个女儿（包括继子继女、养子养女在内，包括已去世子女）,,
260,入户调查,A68a,请问您有几个（亲生）子女 (包括已去世子女)？儿子,a68a1,您有几个（亲生）儿子 (包括已去世子女),,
261,入户调查,A68a,请问您有几个（亲生）子女 (包括已去世子女)？女儿,a68a2,您有几个（亲生）女儿 (包括已去世子女),,
262,入户调查/电话调查（随机）,A68b,请问您有几个18岁以下未成年子女（包括继子继女、养子养女在内）？,a68b,您有几个18周岁以下未成年子女（包括继子继女、养子养女在内）,,
263,入户调查/电话调查,A69,您目前的婚姻状况是：,a69,您目前的婚姻状况,a69lab,"-3 拒绝回答
1 未婚
2 同居
3 初婚有配偶
4 再婚有配偶
5 分居未离婚
6 离婚
7 丧偶"
264,入户调查,A69a,现在您和您的配偶或同居伴侣住在一起吗？,a69a,您目前和您的配偶或同居伴侣住在一起吗,a69alab,"-5 电话调查未调查
-3 拒绝回答
-2 不知道
-1 不适用
1 住在一起
2 不住在一起，但同在一个城市
3 不住在一起，在同一个省的不同城市
4 不住在一起，在不同省
5 不住在一起，在不同国家"
265,入户调查,A70,您第一次结婚的时间是？,a70,您第一次结婚的时间,a70lab,"-5 电话调查未调查
-3 拒绝回答
-2 不知道
-1 不适用
9997 从未结婚"
266,入户调查,A71a,请问您目前的配偶或同居伴侣是哪一年出生的？,a71a,您目前的配偶或同居伴侣是哪一年出生的,a71alab,"-5 电话调查未调查
-3 拒绝回答
-2 不知道
-1 不适用"
267,入户调查,A71b,请问您与目前的配偶是哪一年结婚的？,a71b,您与目前的配偶是哪一年结婚的,a71blab,"-5 电话调查未调查
-3 拒绝回答
-2 不知道
-1 不适用
9997 从未结婚"
268,入户调查/电话调查,A72,您配偶或同居伴侣目前的最高教育程度是：,a72,您配偶或同居伴侣目前的最高教育程度,a72lab,"-3 拒绝回答
-2 不知道
-1 不适用
1 没有受过任何教育
2 私塾、扫盲班
3 小学
4 初中
5 职业高中
6 普通高中
7 中专
8 技校
9 大学专科（成人高等教育）
10 大学专科（正规高等教育）
11 大学本科（成人高等教育）
12 大学本科（正规高等教育）
13 研究生及以上
14 其他"
269,入户调查/电话调查,A72a,您配偶或同居伴侣目前的最高教育程度是：其他，请注明,a72a,您配偶或同居伴侣目前的最高教育程度-其他，请注明,,
270,入户调查,A73,您配偶或同居伴侣的政治面貌是：,a73,您配偶或同居伴侣的政治面貌,a73lab,"-5 电话调查未调查
-3 拒绝回答
-2 不知道
-1 不适用
1 群众
2 共青团员
3 民主党派
4 共产党员"
271,入户调查,A74,您配偶或同居伴侣目前的户口登记状况是：,a74,您配偶或同居伴侣目前的户口登记状况,a74lab,"-5 电话调查未调查
-3 拒绝回答
-2 不知道
-1 不适用
1 农业户口
2 非农业户口
3 居民户口（以前是农业户口）
4 居民户口（以前是非农业户口）
5 军籍
6 没有户口
7 其他"
272,入户调查,A74a,您配偶或同居伴侣目前的户口登记状况是：其他，请注明,a74a,您配偶或同居伴侣目前的户口登记状况-其他，请注明,,
273,入户调查,A75a,您配偶或同居伴侣去年（2022年）全年的总收入是,a75a,您配偶或同居伴侣去年（2022）全年的总收入,a75alab,"-5 电话调查未调查
9999996 收入高于百万位数
9999997 不适用
9999998 不知道
9999999 拒绝回答"
274,入户调查,A75b,您配偶或同居伴侣去年（2022年）全年的职业/劳动收入是,a75b,您配偶或同居伴侣去年（2022）全年的职业/劳动收入,a75blab,"-5 电话调查未调查
9999996 收入高于百万位数
9999997 不适用
9999998 不知道
9999999 拒绝回答"
275,入户调查,A76,您配偶或同居伴侣上一周的就业状况是？,a76,您配偶或同居伴侣上一周的就业状况,a76lab,"-5 电话调查未调查
-3 拒绝回答
-2 不知道
-1 不适用
1 未从事任何以获得经济收入为目的的工作
2 带薪休假，学习、临时停工或季节性歇业等
3 停薪休假，学习、临时停工或季节性歇业等
4 从事了以取得经济收入为目的的工作"
276,入户调查,A76aa,您配偶或同居伴侣上一周的就业状况是？一般每周的工作时间为多少小时？,a761,如果您配偶或同居伴侣上一周从事了以取得经济收入为目的的工作，一般每周工作时间是多少小时,a761lab,"-5 电话调查未调查
-3 拒绝回答
-2 不知道
-1 不适用"
277,入户调查,A76a,在您配偶或同居伴侣有工作的时候，通常情况下，您配偶或同居伴侣一周的工作时间大,a76a,您配偶有工作的时候，一般每周的工作多少小时，包括加班时间,a76alab,"-5 电话调查未调查
-3 拒绝回答
-2 不知道
-1 不适用"
278,入户调查,A77,您配偶或同居伴侣上一周没有工作的原因是什么？,a77,您配偶或同居伴侣上一周没有工作的原因,a77lab,"-5 电话调查未调查
-3 拒绝回答
-2 不知道
-1 不适用
1 在校学习
2 丧失劳动能力
3 毕业后未工作
4 因单位原因失去原工作
5 因个人原因失去原工作
6 承包土地被征用
7 离/退休
8 料理家务
9 其他"
279,入户调查,A77a,您配偶或同居伴侣上一周没有工作的原因是什么？其他，请注明,a77a,您配偶或同居伴侣上一周没有工作的原因-其他，请注明,,
280,入户调查,A78,到目前为止，您配偶或同居伴侣连续未工作的时间有多少个月？,a78,到目前为止，您配偶或同居伴侣连续未工作的时间有多少个月,a78lab,"-5 电话调查未调查
-3 拒绝回答
-2 不知道
-1 不适用
997 从未工作过"
281,入户调查,A79,您配偶或同居伴侣在最近三个月内采取过以下哪些方式寻找工作？（多选）未找过工作,a791,您配偶或同居伴侣在最近三月内采取过哪些方式寻找工作-未找过工作,a79lab,"-5 电话调查未调查
-3 拒绝回答
-2 不知道
-1 不适用
1 是
2 否"
282,入户调查,A79,您配偶或同居伴侣在最近三个月内采取过以下哪些方式寻找工作？（多选）在职业介绍机构登记求职,a792,您配偶或同居伴侣在最近三月内采取过哪些方式寻找工作-在职业介绍机构登记求职,,
283,入户调查,A79,您配偶或同居伴侣在最近三个月内采取过以下哪些方式寻找工作？（多选）委托亲友找工作,a793,您配偶或同居伴侣在最近三月内采取过哪些方式寻找工作-委托亲友找工作,,
284,入户调查,A79,您配偶或同居伴侣在最近三个月内采取过以下哪些方式寻找工作？（多选）利用网络及其他媒体求职,a794,您配偶或同居伴侣在最近三月内采取过哪些方式寻找工作-利用网络及其他媒体求职,,
285,入户调查,A79,您配偶或同居伴侣在最近三个月内采取过以下哪些方式寻找工作？（多选）参加招聘会、自己直接上门询问,a795,您配偶或同居伴侣在最近三月内采取过哪些方式寻找工作-参加招聘会或自己直接上门询问,,
286,入户调查,A79,您配偶或同居伴侣在最近三个月内采取过以下哪些方式寻找工作？为自己经营做准备,a796,您配偶或同居伴侣在最近三月内采取过哪些方式寻找工作-为自己经营做准备,,
287,入户调查,A79,您配偶或同居伴侣在最近三个月内采取过以下哪些方式寻找工作？（多选）其他,a797,您配偶或同居伴侣在最近三月内采取过哪些方式寻找工作-其他,,
288,入户调查,A79a,您配偶或同居伴侣在最近三个月内采取过以下哪些方式寻找工作？（多选）其他，请注明,a797a,您配偶或同居伴侣在最近三月内采取过哪些方式寻找工作-其他，请注明,,
289,入户调查,A79,您配偶或同居伴侣在最近三个月内采取过以下哪些方式寻找工作？（多选）不知道,删除变量,,,
290,入户调查,A79,您配偶或同居伴侣在最近三个月内采取过以下哪些方式寻找工作？（多选）拒绝回答,删除变量,,,
291,入户调查,A80,有适合的工作，您配偶或同居伴侣能否在两周内开始工作？,a80,如有适合的工作，您配偶或同居伴侣能否在两周内开始工作,a80lab,"-5 电话调查未调查
-3 拒绝回答
-2 不知道
-1 不适用
1 能
2 不能"
292,入户调查,A81,您配偶或同居伴侣的工作经历及状况是？,a81,您配偶或同居伴侣的工作经历及状况,a81lab,"-5 电话调查未调查
-3 拒绝回答
-2 不知道
-1 不适用
1 目前从事非农工作
2 目前务农，曾经有过非农工作
3 目前务农，没有过非农工作
4 目前没有工作，而且只务过农
5 目前没有工作，曾经有过非农工作
6 从未工作过"
293,入户调查,A81a,您配偶或同居伴侣目前是否同时兼有多份工作？,a81a,您配偶或同居伴侣目前是否兼有多份工作,a81alab,"-5 电话调查未调查
-3 拒绝回答
-2 不知道
-1 不适用
1 没有
2 有"
294,入户调查,A81aa,一共兼有多少份工作？,a81aa,如果您配偶或同居伴侣兼有多份工作，共兼有多少份工作,a81aalab,"-5 电话调查未调查
-2 不知道
-1 不适用"
295,入户调查,A81b,那您配偶或同居伴侣目前最主要的工作大约占他/她职业收入的百分之多少？,a81b,您配偶或同居伴侣目前最主要的工作大约占他职业收入的百分之多少,a81blab,"-5 电话调查未调查
-3 拒绝回答
-2 不知道
-1 不适用
0 最主要的工作是务农"
296,入户调查,A82,下列各种情形，哪一种更符合您配偶或同居伴侣目前的工作的状况？,a82,下列各种情形，哪一种更符合您配偶或同居伴侣目前的工作状况,a82lab,"-5 电话调查未调查
-3 拒绝回答
-2 不知道
-1 不适用
1 自己是老板（或者是合伙人）
2 个体工商户
3 受雇于他人（有固定雇主）
4 劳务工/劳务派遣人员
5 零工、散工（无固定雇主的受雇者）
6 在自己家的生意/企业中工作/帮忙，领工资
7 在自己家的生意/企业中工作/帮忙，不领工资
8 自由职业者
9 其他"
297,入户调查,A82aa,下列各种情形，哪一种更符合您配偶或同居伴侣目前的工作的状况？其他，请注明,a821,您配偶或同居伴侣目前的工作状况-其他，请注明,,
298,入户调查,A82a,请问您配偶或同居伴侣雇有的雇员人数是：,a82a,如果您配偶或同居伴侣自己是老板(或者是合伙人)或个体工商户，雇有雇员多少人,a82a1lab,"-5 电话调查未调查
-3 拒绝回答
-2 不知道
-1 不适用
99996 雇有人数超过五位数"
299,入户调查,A83a,您配偶或同居伴侣的目前工作是否与用人单位或雇主签订了书面劳动合同？,a83a,您配偶或同居伴侣的目前工作是否与用人单位或雇主签订了书面劳动合同,a83alab,"-5 电话调查未调查
-3 拒绝回答
-2 不知道
-1 不适用
1 没有签订劳动合同
2 签有无固定期限劳动合同
3 签有固定期限劳动合同"
300,入户调查,A83aa,签有固定期限劳动合同，期限为多少个月？,a83aa,签有固定期限劳动合同，期限为多少个月,a83aalab,"-5 电话调查未调查
-1 不适用"
301,入户调查,A83b,在您配偶或同居伴侣目前的工作中，他/她的管理活动情况是：,a83b,您配偶或同居伴侣目前工作管理活动情况,a83blab,"-5 电话调查未调查
-3 拒绝回答
-2 不知道
-1 不适用
1 只管别人，不受别人管理
2 既管理别人，又受别人管理
3 只受别人管理，不管理别人
4 既不管理别人，又不受别人管理"
302,入户调查,A83c,请问他/她管理的人数是：,a83c,您配偶或同居伴侣目前工作管理人数,a83clab,"-5 电话调查未调查
-3 拒绝回答
-2 不知道
-1 不适用
99996 管理人数超过五位数"
303,入户调查,A85,您配偶或同居伴侣目前工作的性质是？,a85,您配偶或同居伴侣目前工作的性质,a85lab,"-5 电话调查未调查
-3 拒绝回答
-2 不知道
-1 不适用
1 全职工作
2 非全职工作"
304,入户调查,A87,您配偶或同居伴侣目前工作的单位或公司的单位类型是：,a87,您配偶或同居伴侣目前工作的单位或公司类型,a87lab,"-5 电话调查未调查
-3 拒绝回答
-2 不知道
-1 不适用
1 党政机关
2 企业
3 事业单位
4 社会团体、居/村委会
5 无单位/自雇（包括个体户）
6 军队
7 其他"
305,入户调查,A87a,您配偶或同居伴侣目前工作的单位或公司的单位类型是：其他，请注明,a87a,您配偶或同居伴侣目前工作的单位或公司类型-其他，请注明,,
306,入户调查,A88,您配偶或同居伴侣目前工作的单位或公司的所有制性质是：,a88,您配偶或同居伴侣目前工作的单位或公司的所有制性质,a88lab,"-5 电话调查未调查
-3 拒绝回答
-2 不知道
-1 不适用
1 国有或国有控股
2 集体所有或集体控股
3 私有/民营或私有/民营控股
4 港澳台资或港澳台资控股
5 外资所有或外资控股
6 其他"
307,入户调查,A88a,您配偶或同居伴侣目前工作的单位或公司的所有制性质是：其他请注明,a88a,您配偶或同居伴侣目前工作的单位或公司所有制性质-其他，请注明,,
308,入户调查,A89a,请问您父亲是哪一年出生的？,a89a,您父亲是哪一年出生的,a89alab,"-5 电话调查未调查
-3 拒绝回答
-2 不知道"
309,入户调查/电话调查,A89b,您父亲的最高教育程度是：,a89b,您父亲的最高教育程度,a89blab,"-3 拒绝回答
-2 不知道
1 没有受过任何教育
2 私塾、扫盲班
3 小学
4 初中
5 职业高中
6 普通高中
7 中专
8 技校
9 大学专科（成人高等教育）
10 大学专科（正规高等教育）
11 大学本科（成人高等教育）
12 大学本科（正规高等教育）
13 研究生及以上
14 其他"
310,入户调查/电话调查,A89b/A89b1,您父亲的最高教育程度是：其他，请注明,a89ba,您父亲的最高教育程度-其他，请注明,,
311,入户调查,A89c,您父亲的政治面貌是：,a89c,您父亲的政治面貌,a89clab,"-5 电话调查未调查
-3 拒绝回答
-2 不知道
1 群众
2 共青团员
3 民主党派
4 共产党员"
312,入户调查,A89d,请问您14岁时，您父亲的就业状况是：,a89d,您14岁时父亲的就业状况,a89dlab,"-5 电话调查未调查
-3 拒绝回答
-2 不知道
1 受雇于他人（有固定雇主）
2 全职务农
3 兼业务农，同时从事一些非农工作
4 劳务工/劳动派遣人员
5 零工、散工（无固定雇主的受雇者）
6 在自己家的生意或企业中工作/帮忙，领工资
7 在自己家的生意或企业中工作/帮忙，不领工资
8 自由职业者
9 个体工商户
10 自己是老板（或者是合伙人）
11 离/退休（不在职）
12 无业（失业/下岗）
13 丧失劳动力
14 在上学且没有工作
15 料理家务
16 已去世
17 其他"
313,入户调查,A89da,请问您14岁时，您父亲的就业状况是：其他，请注明,a89da,您14岁时父亲的就业状况-其他，请注明,,
314,入户调查,A89f,您14岁时，您父亲如担任了行政职务，他的职务级别是：,a89f,您14岁时父亲的职务级别,a89flab,"-5 电话调查未调查
-3 拒绝回答
-2 不知道
-1 不适用
0 没有担任任何行政职务
1 无级别
2 股级
3 副科级
4 正科级
5 副处级
6 正处级
7 副司局级及以上"
315,入户调查,A89g,您14岁时，您父亲工作的单位或公司的单位类型是：,a89g,您14岁时父亲工作的单位或公司的类型,a89glab,"-5 电话调查未调查
-3 拒绝回答
-2 不知道
-1 不适用
1 党政机关
2 企业
3 事业单位
4 社会团体、居/村委会
5 无单位/自雇（包括个体户）
6 军队
7 其他"
316,入户调查,A89ga,您14岁时，您父亲工作的单位或公司的单位类型是：其他，请注明,a89ga,您14岁时父亲工作的单位或公司的类型-其他，请注明,,
317,入户调查,A89h,您14岁时，您父亲工作的单位或公司所有制性质是：,a89h,您14岁时父亲工作的单位或公司所有制性质,a89hlab,"-5 电话调查未调查
-3 拒绝回答
-2 不知道
-1 不适用
1 国有或国有控股
2 集体所有或集体控股
3 私有/民营或私有/民营控股
4 港澳台资或港澳台资控股
5 外资所有或外资控股
6 其他"
318,入户调查,A89ha,您14岁时，您父亲工作的单位或公司所有制性质是：其他，请注明,a89ha,您14岁时父亲工作的单位或公司所有制性质-其他，请注明,,
319,入户调查,A90a,请问您母亲是哪一年出生的？,a90a,您母亲是哪一年出生的,a90alab,"-5 电话调查未调查
-3 拒绝回答
-2 不知道"
320,入户调查/电话调查,A90b,您母亲的最高教育程度是：,a90b,您母亲的最高教育程度,a90blab,"-3 拒绝回答
-2 不知道
1 没有受过任何教育
2 私塾、扫盲班
3 小学
4 初中
5 职业高中
6 普通高中
7 中专
8 技校
9 大学专科（成人高等教育）
10 大学专科（正规高等教育）
11 大学本科（成人高等教育）
12 大学本科（正规高等教育）
13 研究生及以上
14 其他"
321,入户调查/电话调查,A90b/A90b1,您母亲的最高教育程度是：其他，请注明,a90ba,您母亲的最高教育程度-其他，请注明,,
322,入户调查,A90c,您母亲的政治面貌是：,a90c,您母亲的政治面貌,a90clab,"-5 电话调查未调查
-3 拒绝回答
-2 不知道
1 群众
2 共青团员
3 民主党派
4 共产党员"
323,入户调查,A90d,请问您14岁时，您母亲的就业状况是：,a90d,您14岁时母亲的就业状况,a90dlab,"-5 电话调查未调查
-3 拒绝回答
-2 不知道
1 受雇于他人（有固定雇主）
2 全职务农
3 兼业务农，同时从事一些非农工作
4 劳务工/劳动派遣人员
5 零工、散工（无固定雇主的受雇者）
6 在自己家的生意或企业中工作/帮忙，领工资
7 在自己家的生意或企业中工作/帮忙，不领工资
8 自由职业者
9 个体工商户
10 自己是老板（或者是合伙人）
11 离/退休（不在职）
12 无业（失业/下岗）
13 丧失劳动力
14 在上学且没有工作
15 料理家务
16 已去世
17 其他"
324,入户调查,A90da,请问您14岁时，您母亲的就业状况是：其他，请注明,a90da,您14岁时母亲的就业状况-其他，请注明,,
325,入户调查,A90f,您14岁时，您母亲如担任了行政职务，她的职务级别是：,a90f,您14岁时母亲的职务级别,a90flab,"-5 电话调查未调查
-3 拒绝回答
-2 不知道
-1 不适用
0 没有担任任何行政职务
1 无级别
2 股级
3 副科级
4 正科级
5 副处级
6 正处级
7 副司局级及以上"
326,入户调查,A90g,您14岁时，您母亲工作的单位或公司的单位类型是：,a90g,您14岁时母亲工作的单位或公司的类型,a90glab,"-5 电话调查未调查
-3 拒绝回答
-2 不知道
-1 不适用
1 党政机关
2 企业
3 事业单位
4 社会团体、居/村委会
5 无单位/自雇（包括个体户）
6 军队
7 其他"
327,入户调查,A90ga,您14岁时，您母亲工作的单位或公司的单位类型是：其他，请注明,a90ga,您14岁时母亲工作的单位或公司的类型-其他，请注明,,
328,入户调查,A90h,您14岁时，您母亲工作的单位或公司所有制性质是：  ,a90h,您14岁时母亲工作的单位或公司所有制性质,a90hlab,"-5 电话调查未调查
-3 拒绝回答
-2 不知道
-1 不适用
1 国有或国有控股
2 集体所有或集体控股
3 私有/民营或私有/民营控股
4 港澳台资或港澳台资控股
5 外资所有或外资控股
6 其他"
329,入户调查,A90ha,您14岁时，您母亲工作的单位或公司所有制性质是：其他，请注明,a90ha,您14岁时母亲工作的单位或公司所有制性质-其他，请注明,,
330,入户调查/电话调查（随机）,B1,与同龄人相比，您本人的社会经济地位是：,b1,"与同龄人相比,您本人的社会经济地位是",b1lab,"1 较高
2 差不多
3 较低
9 不好说"
331,入户调查/电话调查（随机）,B2,与三年前相比，您的社会经济地位是：,b2,"与三年前相比,您的社会经济地位是",b2lab,"1 上升了
2 差不多
3 下降了
9 不好说"
332,入户调查/电话调查（随机）,B4,根据您的一般印象，您对一些重要事情所持的观点和看法与社会大众一致的时候有多少？,b4,根据您的一般印象您对一些重要事情所持的观点和看法与社会大众一致的时候有多少,b4lab,"-3 拒绝回答
1 非常少
2 比较少
3 一般
4 比较多
5 非常多"
333,入户调查/电话调查（随机）,B5,您和亲人、朋友之间的接触和联系的情况怎么样？,b5,"您和亲人,朋友之间的接触和联系的情况怎么样",b5lab,"-3 拒绝回答
1 非常不密切
2 不密切
3 一般
4 密切
5 非常密切"
334,入户调查/电话调查（随机）,B6,一般说来，您对现在社会上的陌生人是否信任？,b6,"一般来说,您对现在社会上的陌生人是否信任",b6lab,"1 非常不信任
2 不信任
3 一般
4 信任
5 非常信任"
335,入户调查/电话调查（随机）,B7a,现在社会上常常将人们划分为羡慕一些不同的类型，您认为自己属于其中的哪一个群体？,b7a,您认为自己属于其中的哪一个群体,b7alab,"1 富人
2 穷人
8 说不清"
336,入户调查/电话调查（随机）,B7b,现在社会上常常将人们划分为羡慕一些不同的类型，您认为自己属于其中的哪一个群体？,b7b,您认为自己属于其中的哪一个群体,b7blab,"1 领导、干部
2 群众
8 说不清"
337,入户调查/电话调查（随机）,B7c,现在社会上常常将人们划分为羡慕一些不同的类型，您认为自己属于其中的哪一个群体？,b7c,您认为自己属于其中的哪一个群体,b7clab,"1 城里人
2 乡下人
8 说不清"
338,入户调查/电话调查（随机）,B7d,现在社会上常常将人们划分为羡慕一些不同的类型，您认为自己属于其中的哪一个群体？,b7d,您认为自己属于其中的哪一个群体,b7dlab,"1 有产
2 无产
8 说不清"
339,入户调查/电话调查（随机）,B7e,现在社会上常常将人们划分为羡慕一些不同的类型，您认为自己属于其中的哪一个群体？,b7e,您认为自己属于其中的哪一个群体,b7elab,"1 管理者
2 被管理者
8 说不清"
340,入户调查/电话调查（随机）,B7f,现在社会上常常将人们划分为羡慕一些不同的类型，您认为自己属于其中的哪一个群体？,b7f,您认为自己属于其中的哪一个群体,b7flab,"1 高学历者
2 低学历者
8 说不清"
341,入户调查/电话调查（随机）,B7g,现在社会上常常将人们划分为羡慕一些不同的类型，您认为自己属于其中的哪一个群体？,b7g,您认为自己属于其中的哪一个群体,b7glab,"1 工人阶层
2 白领阶层
8 说不清"
342,入户调查/电话调查（随机）,B8,在上述各种类型的群体之间，一般而言，您认为哪两类人之间的差异最大？,b8,"在上述各种类型的群体中,一般而言,您认为哪两类人之间的差异最大",b8lab,"1 穷人与富人之间
2 当官的与老百姓之间
3 城里人与乡下人之间
4 有财产的人与无财产的人之间
5 管理者与被管理者之间
6 高学历者与低学历者之间
7 工人与白领之间
8 说不清"
343,入户调查/电话调查（随机）,B9,上述各类人之间，您认为哪两类人之间最容易出现矛盾和冲突？,b9,"上述各类型人之间,您认为哪两类人之间最容易出现矛盾和冲突",b9lab,"1 穷人与富人之间
2 当官的与老百姓之间
3 城里人与乡下人之间
4 有财产的人与无财产的人之间
5 管理者与被管理者之间
6 高学历者与低学历者之间
7 工人与白领之间
8 说不清"
344,入户调查/电话调查（随机）,B111,下列说法是否符合您的生活习惯或您的真实想法。除非必要，我和我的家人从不轻易购买生活必需之外的物品,b1101,"除非必要,我和我的家人从不轻易购买生活必需之外的物品",b11lab,"-3 拒绝回答
1 很符合
2 较符合
3 不太符合
4 很不符合"
345,入户调查/电话调查（随机）,B112,下列说法是否符合您的生活习惯或您的真实想法。我和我的家人过生日或遇上重要节日时，总是到餐馆去聚餐,b1102,"我和我的家人过生日或遇上重要节日时,总是到附近餐馆去聚餐",,
346,入户调查/电话调查（随机）,B113,下列说法是否符合您的生活习惯或您的真实想法。我总是到较有名气的商店去购物,b1103,我总是到较有名气的商店去购物,,
347,入户调查/电话调查（随机）,B114,下列说法是否符合您的生活习惯或您的真实想法。我从事的工作总是很紧张,b1104,我从事的工作总是很紧张,,
348,入户调查/电话调查（随机）,B115,下列说法是否符合您的生活习惯或您的真实想法。我出门总是坐出租车或私家小汽车,b1105,我出门总是坐出租车或私家小汽车,,
349,入户调查/电话调查（随机）,B116,下列说法是否符合您的生活习惯或您的真实想法。我家的耐用消费品大都是名牌、高档,b1106,"我家的耐用消费品大都是名牌,高档",,
350,入户调查/电话调查（随机）,B117,下列说法是否符合您的生活习惯或您的真实想法。我家用了好些艺术品、艺术画来装饰家庭气氛,b1107,"我家用了好些艺术品,艺术画来装饰家庭气氛",,
351,入户调查/电话调查（随机）,B118,下列说法是否符合您的生活习惯或您的真实想法。我总是不愿意与那些生活境况不太好的人来往,b1108,我总是不愿意与哪些生活环境不太好的人来往,,
352,入户调查/电话调查（随机）,B119,下列说法是否符合您的生活习惯或您的真实想法。我觉得现在过得很舒适、安逸，生活上没有多少可让我着急的事,b1109,"我觉得现在过得很舒适,安逸,生活上没有多少可让我着急的事",,
353,入户调查/电话调查（随机）,B1110,下列说法是否符合您的生活习惯或您的真实想法。在休息时间，我总是要听些音乐、或欣赏一些艺术作品,b1110,"在休息时间,我总是要听些音乐,或欣赏一些艺术作品",,
354,入户调查/电话调查（随机）,B1111,下列说法是否符合您的生活习惯或您的真实想法。我在家里的休息时间多数是看电视度过的,b1111,我在家里的休息时间多数是看电视度过的,,
355,入户调查/电话调查（随机）,B1112,下列说法是否符合您的生活习惯或您的真实想法。周末或有空的时候，我常常与他人一起玩牌或打麻将,b1112,"周末或得闲的时候,我常常与他人一起玩牌或打麻将",,
356,入户调查/电话调查（随机）,B1113,下列说法是否符合您的生活习惯或您的真实想法。我经常去专门的体育场馆或健身房锻炼身体,b1113,我经常去专门的体育场馆或健身房锻炼身体,,
357,入户调查/电话调查（随机）,B16new,下列各类人中，您认为哪类人最应该获得较高的收入：,b16new,"下列各类人中,您认为哪些人最应该获得较高的收入",b16newlab,"-3 拒绝回答
1 工人
2 农民
3 国家干部
4 国有、集体企业经营管理者
5 有技术专长和高学历者
6 有资产的人
7 其他"
358,入户调查/电话调查（随机）,B16new/B16anew,下列各类人中，您认为哪类人最应该获得较高的收入：其他，请注明,b16anew,"下列各类人中,您认为哪些人最应该获得较高的收入-其他，请注明",,
359,入户调查/电话调查（随机）,B17,比较而言，您认为下列哪类人在近 20 年来获得的利益最多？,b17,"比较而言,您认为下列哪类人在近20年来获得的利益最多",b17lab,"-3 拒绝回答
1 工人
2 农民
3 国家干部
4 国有、集体企业经营管理者
5 有技术专长和高学历者
6 有资产的人
8 其他"
360,入户调查/电话调查（随机）,B17/B17a,比较而言，您认为下列哪类人在近 20 年来获得的利益最多？其他，请注明,b17a,"比较而言,您认为下列哪类人在近20年来获得的利益最多-其他，请注明",,
361,入户调查/电话调查（随机）,B181,下列是一些说法，您是否同意？民主就是政府要为民做主,b1801,您是否同意-民主就是政府要为民做主,b18lab,"-3 拒绝回答
1 同意
2 不同意
3 不知道"
362,入户调查/电话调查（随机）,B182,下列是一些说法，您是否同意？只有老百姓对国家和地方的大事都有直接的发言权或决定权，才算是民主,b1802,"您是否同意-只有老百姓对国家和地方的大事都有直接的发言权或决定权,才算是民主",,
363,入户调查/电话调查（随机）,B183,下列是一些说法，您是否同意？如果老百姓有权选举自己的代表去讨论国家和地方的大事，也算是民主,b1803,"您是否同意-如果老百姓有权选举自己的代表去讨论国家和地方的大事,也算是民主",,
364,入户调查/电话调查（随机）,B184,下列是一些说法，您是否同意？每个人无论水平高低，都有同样的权利讨论国家和地方的大事,b1804,"您是否同意-每个人无论水平高低,都有同样的权利讨论国家和地方的大事",,
365,入户调查/电话调查（随机）,B185,下列是一些说法，您是否同意？讨论国家和地方的大事需要比较高知识和能力，所以只能让有较高知识和能力的人参与,b1805,"您是否同意-讨论国家和地方的大事需要比较高的知识和能力,所以只能让有较高知识和能力的人参与",,
366,入户调查/电话调查（随机）,B186,下列是一些说法，您是否同意？决定国家和地方上的大事，关键是看结果是否对大家有利,b1806,"您是否同意-决定国家和地方上的大事,关键是看结果是否对大家有利",,
367,入户调查/电话调查（随机）,B187,下列是一些说法，您是否同意？决定国家和地方上的大事，关键是看做出决定的方法是否合理,b1807,"您是否同意-决定国家和地方上的大事,关键是看做出决定的方法是否合理",,
368,入户调查/电话调查（随机）,B188,下列是一些说法，您是否同意？进城农民工应该享受与城市居民相同的待遇,b1808,您是否同意-进城农民工应该享受与城市居民相同的待遇,,
369,入户调查/电话调查（随机）,B189,下列是一些说法，您是否同意？应该从有钱人那里征收更多的税来帮助穷人,b1809,您是否同意-应该从有钱人那里征收更多的税来帮助穷人,,
370,入户调查/电话调查（随机）,B1810,下列是一些说法，您是否同意？现在有的人挣的钱多，有的人挣的少，但这是公平的,b1810,"您是否同意-现在有的人挣的钱多,有的人挣的少,但这是公平的",,
371,入户调查/电话调查（随机）,B1811,下列是一些说法，您是否同意？只要孩子够努力、够聪明，都能有同样的升学机会,b1811,"您是否同意-只要孩子够努力,够聪明,都能有同样的升学机会",,
372,入户调查/电话调查（随机）,B1814,"下列是一些说法，您是否同意？在我们这个社会,工人和农民的后代与其他人的后代一样,有同样多的机会成为有钱、有地位的人",b1814,"您是否同意-在我们这个社会,工人和农民的后代与其他人的后代一样,有同样多的机会成为有钱、有地位的人",,
373,入户调查/电话调查（随机）,B19a,我们常常提到过一种“普通人的生活”，在您看来，过“普通人的生活”应该具备什么样的职业、收入、教育与社会地位方面的条件？职业方面至少应该是：,b19a,"过普通人的生活,职业方面至少应该是",b19alab,"-3 拒绝回答
1 单位领导或企业老板
2 管理人员或技术人员
3 一般办事人员
4 干体力活也行"
374,入户调查/电话调查（随机）,B19b,我们常常提到过一种“普通人的生活”，在您看来，过“普通人的生活”应该具备什么样的职业、收入、教育与社会地位方面的条件？收入方面至少应该是：,b19b,"过普通人的生活,收入方面要达到",b19blab,"-3 拒绝回答
1 上等水平
2 中上等水平
3 中等水平
4 中下等水平
5 无所谓"
375,入户调查/电话调查（随机）,B19c,我们常常提到过一种“普通人的生活”，在您看来，过“普通人的生活”应该具备什么样的职业、收入、教育与社会地位方面的条件？教育方面至少应该是：,b19c,"过普通人的生活,教育方面要达到",b19clab,"-3 拒绝回答
1 初中以上
2 高中以上
3 大专以上
4 本科教育以上
5 研究生以上
6 无所谓"
376,入户调查/电话调查（随机）,B19d,我们常常提到过一种“普通人的生活”，在您看来，过“普通人的生活”应该具备什么样的职业、收入、教育与社会地位方面的条件？社会地位方面至少应该是：,b19d,"过普通人的生活,社会地位方面应该处于",b19dlab,"-3 拒绝回答
1 很受人尊敬
2 较受人尊敬
3 大家看得起就行
4 别人瞧得起、瞧不起都无所谓"
377,入户调查/电话调查,B20/Finished,就您的情况来看，您认为您的生活比“普通人的生活”怎样？,b20,"就您的情况来看,您认为您的生活比普通人的生活怎样",b20lab,"-3 拒绝回答
1 超过普通人的生活
2 就是普通人的生活
3 不如普通人
8 说不清"
378,入户调查,C1b,请问您目前是不是以下组织/社团/团体的成员？如果是的话，请问您是不是积极地参与组织/社团/团体的活动？社区组织,c1b,您是不是积极参加活动-社区组织,c1lab,"-5 电话调查未调查
1 是成员，并且积极参与
2 是成员，但基本不参与
3 不是成员"
379,入户调查,C1c,请问您目前是不是以下组织/社团/团体的成员？如果是的话，请问您是不是积极地参与组织/社团/团体的活动？社会公益组织（志愿者组织／非营利组织）,c1c,您是不是积极参加活动-社会公益组织,,
380,入户调查,C1d,请问您目前是不是以下组织/社团/团体的成员？如果是的话，请问您是不是积极地参与组织/社团/团体的活动？群众运动（因环保、维权等事件形成的组织） /消费者权益组织,c1d,您是不是积极参加活动-群众运动,,
381,入户调查,C1e,请问您目前是不是以下组织/社团/团体的成员？如果是的话，请问您是不是积极地参与组织/社团/团体的活动？宗教组织,c1e,您是不是积极参加活动-宗教组织,,
382,入户调查,C1f,请问您目前是不是以下组织/社团/团体的成员？如果是的话，请问您是不是积极地参与组织/社团/团体的活动？校友会,c1f,您是不是积极参加活动-校友会,,
383,入户调查,C1g,请问您目前是不是以下组织/社团/团体的成员？如果是的话，请问您是不是积极地参与组织/社团/团体的活动？娱乐休闲团体（业余爱好和体育俱乐部）,c1g,您是不是积极参加活动-娱乐休闲团体,,
384,入户调查,C1h,请问您目前是不是以下组织/社团/团体的成员？如果是的话，请问您是不是积极地参与组织/社团/团体的活动？工会及类似的劳动者组织,c1h,您是不是积极参加活动-工会及类似的劳动者组织,,
385,入户调查,C1i,请问您目前是不是以下组织/社团/团体的成员？如果是的话，请问您是不是积极地参与组织/社团/团体的活动？职业协会、专业学会及行业协会,c1i,您是不是积极参加活动-职业协会或专业学会或行业协会,,
386,入户调查,C2,过去12个月，您参与最积极的是哪一个？,c2,过去12个月，您参与最积极的一个,c2lab,"-5 电话调查未调查
-1 不适用
1 社区组织
2 社会公益组织（志愿者组织／非营利组织）
3 群众运动（因环保、维权等事件形成的组织） /消费者权益组织
4 宗教组织
5 校友会
6 娱乐休闲团体（业余爱好和体育俱乐部）
7 工会及类似的劳动者组织
8 职业协会、专业学会及行业协会
9 都没参加过"
387,入户调查,C3,通常情况下，您一天里与多少个不住在一起的家人或亲戚有联系？联系方式包括电话、短信、信件、上网、见面等。,c3,您一天里与多少个不住在一起的家人或亲戚有联系,c3lab,"-5 电话调查未调查
1 0人
2 1-2人
3 3-4人
4 5-9人
5 10-19人
6 20-49人
7 50-99人
8 100人或以上"
388,入户调查,C4,请问这些人里面大概有多少是您平日面对面接触的？,c4,家人或亲戚里面大概有多少您平日面对面接触,c4lab,"-5 电话调查未调查
-1 不适用
1 都是或几乎都是
2 大部分是
3 大概一半
4 只有一些
5 都不是或几乎都不是"
389,入户调查,C5,通常情况下，除了家人或亲戚以外，您一天里与多少个人有联系？联系方式包括电话、短信、信件、上网、见面等。,c5,除了家人或亲戚以外，您一天里与多少个人有联系,c5lab,"-5 电话调查未调查
1 0人
2 1-2人
3 3-4人
4 5-9人
5 10-19人
6 20-49人
7 50-99人
8 100人或以上"
390,入户调查,C6,请问这些人里面大概有多少是您平日面对面接触的？,c6,除了家人或亲戚以外，大概有多少您平日面对面接触,c6lab,"-5 电话调查未调查
-1 不适用
1 都是或几乎都是
2 大部分是
3 大概一半
4 只有一些
5 都不是或几乎都不是"
391,入户调查,C7,除了亲属以外，您经常联系的这些人与您相比，社会地位如何？,c7,除了亲属以外，您经常联系的这些人与您相比，社会地位如何,c7lab,"-5 电话调查未调查
-1 不适用
1 这些人多数社会地位比您高
2 这些人多数社会地位与您一样
3 这些人多数社会地位比您低"
392,入户调查,C8,在和亲戚以外的人交往时，您更倾向于下面哪种情况？,c8,在和亲戚以外的人交往时，您更倾向于下面哪种情况,c8lab,"-5 电话调查未调查
-1 不适用
1 和想法及行为相似的人常来往
2 和想法及行为不相似的人常来往
3 和想法及行为相似与不相似的人，来往都差不多"
393,入户调查,C9a,您的亲戚、朋友以及打过交道的人中，有没有从事下面这些职业的？大学老师,c9a,"您的亲戚,朋友以,打过交道的人的职业-大学老师",c9lab,"-5 电话调查未调查
1 有
2 没有"
394,入户调查,C9b,您的亲戚、朋友以及打过交道的人中，有没有从事下面这些职业的？律师,c9b,"您的亲戚,朋友以,打过交道的人的职业-律师",,
395,入户调查,C9c,您的亲戚、朋友以及打过交道的人中，有没有从事下面这些职业的？护士,c9c,"您的亲戚,朋友以,打过交道的人的职业-护士",,
396,入户调查,C9d,您的亲戚、朋友以及打过交道的人中，有没有从事下面这些职业的？电脑程序员,c9d,"您的亲戚,朋友以,打过交道的人的职业-电脑程序员",,
397,入户调查,C9e,您的亲戚、朋友以及打过交道的人中，有没有从事下面这些职业的？中学老师,c9e,"您的亲戚,朋友以,打过交道的人的职业-中学老师",,
398,入户调查,C9f,您的亲戚、朋友以及打过交道的人中，有没有从事下面这些职业的？人事经理,c9f,"您的亲戚,朋友以,打过交道的人的职业-人事经理",,
399,入户调查,C9g,您的亲戚、朋友以及打过交道的人中，有没有从事下面这些职业的？农民,c9g,"您的亲戚,朋友以,打过交道的人的职业-农民",,
400,入户调查,C9h,您的亲戚、朋友以及打过交道的人中，有没有从事下面这些职业的？美发师,c9h,"您的亲戚,朋友以,打过交道的人的职业-美发师",,
401,入户调查,C9i,您的亲戚、朋友以及打过交道的人中，有没有从事下面这些职业的？前台接待,c9i,"您的亲戚,朋友以,打过交道的人的职业-前台接待",,
402,入户调查,C9j,您的亲戚、朋友以及打过交道的人中，有没有从事下面这些职业的？警察,c9j,"您的亲戚,朋友以,打过交道的人的职业-警察",,
403,入户调查,C10,您的亲戚、朋友或打过交道的人中有住在国外的吗？,c10,您的亲戚、朋友或打过交道的人中有住在国外的吗,c10lab,"-5 电话调查未调查
1 有
2 没有"
404,入户调查,C11a,人们在遇到困难时会通过各种方式寻求帮助。在最近一次处理下列问题时，您最先向谁寻求帮助（这里问的是实际情况，而不是假定的情况）？情绪及心理上的问题,c11a,在最近一次处理下列问题时，您最先向谁寻求帮助-情绪及心理上的问题,c11lab,"-5 电话调查未调查
1 住在一起的家人
2 其他亲戚
3 同事
4 邻居
5 朋友
6 专业人员或机构
7 没有寻求任何人的帮助
8 从未遇到过这种问题"
405,入户调查,C11b,人们在遇到困难时会通过各种方式寻求帮助。在最近一次处理下列问题时，您最先向谁寻求帮助（这里问的是实际情况，而不是假定的情况）？健康问题,c11b,在最近一次处理下列问题时，您最先向谁寻求帮助-健康问题,,
406,入户调查,C11c,人们在遇到困难时会通过各种方式寻求帮助。在最近一次处理下列问题时，您最先向谁寻求帮助（这里问的是实际情况，而不是假定的情况）？家务琐事,c11c,在最近一次处理下列问题时，您最先向谁寻求帮助-家务琐事,,
407,入户调查,C11d,人们在遇到困难时会通过各种方式寻求帮助。在最近一次处理下列问题时，您最先向谁寻求帮助（这里问的是实际情况，而不是假定的情况）？照顾家人（如小孩/长辈）,c11d,在最近一次处理下列问题时，您最先向谁寻求帮助-照顾家人（如小孩/长辈）,,
408,入户调查,C11e,人们在遇到困难时会通过各种方式寻求帮助。在最近一次处理下列问题时，您最先向谁寻求帮助（这里问的是实际情况，而不是假定的情况）？经济问题,c11e,在最近一次处理下列问题时，您最先向谁寻求帮助-经济问题,,
409,入户调查,C11f,人们在遇到困难时会通过各种方式寻求帮助。在最近一次处理下列问题时，您最先向谁寻求帮助（这里问的是实际情况，而不是假定的情况）？紧急情况或灾难,c11f,在最近一次处理下列问题时，您最先向谁寻求帮助-紧急情况或灾难,,
410,入户调查,C12a,在过去的12个月中，请问您对谁提供了以下类型的帮助？倾听个人问题或担心的事,c12a,在过去的12个月中，您对谁提供了以下类型的帮助-倾听个人问题或担心的事,c12lab,"-5 电话调查未调查
1 住在一起的家人
2 其他亲戚
3 同事
4 邻居
5 朋友
6 没有帮助任何人
7 从未遇到过这种问题"
411,入户调查,C12b,在过去的12个月中，请问您对谁提供了以下类型的帮助？提供财务支持,c12b,在过去的12个月中，您对谁提供了以下类型的帮助-提供财务支持,,
412,入户调查,C12c,在过去的12个月中，请问您对谁提供了以下类型的帮助？帮忙料理家务/照顾家人,c12c,在过去的12个月中，您对谁提供了以下类型的帮助-帮忙料理家务/照顾家人,,
413,入户调查,C13,您见面会打招呼的邻居大概有多少个？,c13,您见面会打招呼的邻居大概有多少个,c13lab,"-5 电话调查未调查
1 没有
2 1-2个
3 3-4个
4 5-9个
5 10个及更多"
414,入户调查,C14,在需要时，您可以寻求帮助（如帮着浇花，照顾宠物，提供建议等）的邻居有几个？,c14,在需要时，您可以寻求帮助（如帮着浇花，照顾宠物，提供建议等）的邻居有几个,c14lab,"-5 电话调查未调查
1 没有
2 1-2个
3 3-4个
4 5-9个
5 10个及更多"
415,入户调查,C15a,下面这些关于公民权利、政府及社区的说法，您是否同意？像我这样的人说什么对政府的作为都没什么影响,c15a,您是否同意-像我这样的人说什么对政府的作为都没什么影响,c15lab,"-5 电话调查未调查
1 非常同意
2 同意
3 有点同意
4 有点不同意
5 不同意
6 非常不同意"
416,入户调查,C15b,下面这些关于公民权利、政府及社区的说法，您是否同意？政治和政府太复杂，不是我能够理解的,c15b,您是否同意-政治和政府太复杂，不是我能够理解的,,
417,入户调查,C15c,下面这些关于公民权利、政府及社区的说法，您是否同意？我个人对政治有兴趣,c15c,您是否同意-我个人对政治有兴趣,,
418,入户调查,C15d,下面这些关于公民权利、政府及社区的说法，您是否同意？我想对社会做贡献,c15d,您是否同意-我想对社会做贡献,,
419,入户调查,C15e,下面这些关于公民权利、政府及社区的说法，您是否同意？邻里之间是互相关心的,c15e,您是否同意-邻里之间是互相关心的,,
420,入户调查,C15f,下下面这些关于公民权利、政府及社区的说法，您是否同意？当我有需要时，邻居们都很乐意帮忙,c15f,您是否同意-当我有需要时，邻居们都很乐意帮忙,,
421,入户调查,C16a,请问过去四周以来，您感到下列情况的频率是？觉得缺少人作伴,c16a,过去四周，您感到下列情况的频率-觉得缺少人作伴,c16lab,"-5 电话调查未调查
1 从不
2 很少
3 有时
4 时常
5 很时常"
422,入户调查,C16b,请问过去四周以来，您感到下列情况的频率是？觉得孤单,c16b,过去四周，您感到下列情况的频率-觉得孤单,,
423,入户调查,C16c,请问过去四周以来，您感到下列情况的频率是？觉得自己被排挤,c16c,过去四周，您感到下列情况的频率-觉得自己被排挤,,
424,入户调查,C17a,您对下面这些人的信任程度如何？亲戚,c17a,您对下面这些人的信任程度-亲戚,c17lab,"-5 电话调查未调查
1 非常信任
2 比较信任
3 不太信任
4 完全不信任"
425,入户调查,C17b,您对下面这些人的信任程度如何？朋友,c17b,您对下面这些人的信任程度-朋友,,
426,入户调查,C17c,您对下面这些人的信任程度如何？邻居,c17c,您对下面这些人的信任程度-邻居,,
427,入户调查,C17d,您对下面这些人的信任程度如何？同事,c17d,您对下面这些人的信任程度-同事,,
428,入户调查,C17e,您对下面这些人的信任程度如何？陌生人,c17e,您对下面这些人的信任程度-陌生人,,
429,入户调查,C17f,您对下面这些人的信任程度如何？医生,c17f,您对下面这些人的信任程度-医生,,
430,入户调查,C17g,您对下面这些人的信任程度如何？银行职员,c17g,您对下面这些人的信任程度-银行职员,,
431,入户调查,C17h,您对下面这些人的信任程度如何？公司高管,c17h,您对下面这些人的信任程度-公司高管,,
432,入户调查,C17i,您对下面这些人的信任程度如何？记者,c17i,您对下面这些人的信任程度-记者,,
433,入户调查,C17j,您对下面这些人的信任程度如何？非政府/非营利组织的领导,c17j,您对下面这些人的信任程度-非政府/非营利组织的领导,,
434,入户调查,C17k,您对下面这些人的信任程度如何？老师,c17k,您对下面这些人的信任程度-老师,,
435,入户调查,C17l,您对下面这些人的信任程度如何？地方政府官员,c17l,您对下面这些人的信任程度-地方政府官员,,
436,入户调查,C17m,您对下面这些人的信任程度如何？中央政府官员,c17m,您对下面这些人的信任程度-中央政府官员,,
437,入户调查,C17n,您对下面这些人的信任程度如何？警官,c17n,您对下面这些人的信任程度-警官,,
438,入户调查,C17o,您对下面这些人的信任程度如何？军官,c17o,您对下面这些人的信任程度-军官,,
439,入户调查,C17p,您对下面这些人的信任程度如何？法官,c17p,您对下面这些人的信任程度-法官,,
440,入户调查,C17q,您对下面这些人的信任程度如何？网友,c17q,您对下面这些人的信任程度-网友,,
441,入户调查,C18,您认为人的本性是怎样的？[“1” 代表人本质上是坏的，“7”代表人本质上是好的，请您从 1-7 中选择一个合适数字。],c18,您认为人的本性是怎样的,c18lab,"-5 电话调查未调查
1 1 人本质上是坏的
2 2
3 3
4 4
5 5
6 6
7 7 人本质上是好的"
442,入户调查,C19,总的来说，您认为大多数人是可以信任的吗？,c19,总的来说，您认为大多数人是可以信任的吗,c19lab,"-5 电话调查未调查
1 大多数人几乎总是可以信任的
2 大多数人通常是可以信任的
3 和大多数人打交道通常需要非常小心
4 和大多数人打交道几乎总是需要非常小心"
443,入户调查,C21,一般而言，您的家人是否会对您如何生活施加压力？,c21,一般而言，您的家人是否会对您如何生活施加压力,c21lab,"-5 电话调查未调查
1 从不
2 很少
3 有时
4 经常
5 总是"
444,入户调查,A59d1,您目前工作的具体职业名称是：,isco08a59d,被访者目前从事非农工作,isco08lab,点击查看取值标签isco08lab
445,入户调查,A59d2,您目前的具体工作内容是：,,,,
446,入户调查,A59i1,您目前工作的单位或公司的具体名称（全称）是：,,,,
447,入户调查,A59i2,您目前工作的单位或公司的主要产品或服务是：,,,,
448,入户调查,A60d1,您最近那份非农工作的具体职业名称是：,isco08a60d,被访者曾经从事非农工作,,
449,入户调查,A60d2,您最近那份非农工作的具体工作内容是：,,,,
450,入户调查,A60i1,您最近那份非农工作的单位或公司的具体名称（全称）是：,,,,
451,入户调查,A60i2,您最近那份非农工作的单位或公司的主要产品或服务是：,,,,
452,入户调查,A84a,您配偶或同居伴侣目前工作的具体职业名称是：,isco08sp,配偶职业,,
453,入户调查,A84b,您配偶或同居伴侣目前的具体工作内容是：,,,,
454,入户调查,A86a,您配偶或同居伴侣目前工作的单位或公司的具体名称（全称）是：,,,,
455,入户调查,A86b,您配偶或同居伴侣目前工作的单位或公司的主要产品或服务是：,,,,
456,入户调查,A89e1,请问您14岁时，您父亲的工作单位名称是：,isco08f,父亲职业,,
457,入户调查,A89e2,请问您14岁时，您父亲工作的具体职业名称是：,,,,
458,入户调查,A89e3,请问您14岁时，您父亲的具体工作内容是：,,,,
459,入户调查,A90e1,请问您14岁时，您母亲的工作单位名称是：,isco08m,母亲职业,,
460,入户调查,A90e2,请问您14岁时，您母亲工作的具体职业名称是：,,,,
461,入户调查,A90e3,请问您14岁时，您母亲的具体工作内容是：,,,,
462,电话调查,无/A42new,您目前的职业是什么？,isco08a42new*,被访者目前的职业,,
463,入户调查/电话调查,Z8/无,请记录当前时间,z00,访问结束时间,,
464,入户调查/电话调查,新生成变量,无,dsource,调查方式,dsourcelab,"1 入户面访
2 电话调查"
465,入户调查,新生成变量,仅适用于入户面访数据,weight1,入户权重,,
466,入户调查/电话调查,新生成变量,适用于完整数据,weight2,整合权重,,
*变量isco08a42new根据变量a42new生成。,,,,,,,